Date,AAL,AAPL,AMC,AMD,AMZN,BABA,BAC,BBD,CCL,CEI,CTRM,EDU,EEM,EFA,EWZ,F,FAMI,FXI,HYG,INTC,ITUB,IWM,MSFT,NIO,NOK,NVDA,PBR,PFE,PLTR,QQQ,SLV,SNAP,SNDL,SOXL,SPY,SQQQ,T,TLRY,TQQQ,TSLA,UBER,UVXY,VALE,VXX,WFC,XELA,XLE,XLF,XOM,ZOM
2021-01-01,15.77,132.69,21.2,91.71,162.85,232.73,30.31,5.26,21.66,46.0,1.85,185.81,51.67,72.96,37.07,8.79,240.0,46.43,87.3,49.82,5.02,196.06,222.42,48.74,3.91,130.55,11.23,36.81,23.55,313.74,24.57,50.07,4.74,31.1,373.88,75.9,21.72,8.26,45.45,235.22,51.0,1065.0,16.76,268.64,30.18,4980.0,37.9,29.48,41.22,0.23
2021-01-08,15.13,132.05,21.4,94.58,159.13,236.19,32.53,5.11,20.47,53.0,1.95,179.7,54.71,75.73,37.7,9.0,250.0,48.32,87.37,51.65,5.0,207.72,219.62,58.92,3.93,132.77,11.69,37.13,25.2,319.03,23.51,52.73,6.82,35.79,381.26,71.7,21.92,11.31,47.57,293.34,53.28,1021.0,18.92,261.6,33.19,6096.0,41.42,30.92,45.46,0.48
2021-01-15,15.76,127.14,23.3,88.21,155.21,243.46,33.01,5.04,20.79,65.0,3.36,172.81,54.35,74.4,36.89,9.83,260.0,48.62,87.11,57.58,4.91,210.75,212.65,56.27,4.08,128.6,10.9,36.7,25.64,311.86,22.95,50.31,7.14,37.82,375.7,76.6,22.03,19.7,44.34,275.39,55.52,1090.0,17.64,273.76,32.04,9936.0,42.75,30.94,47.89,0.98
2021-01-22,15.82,139.07,35.1,92.79,164.61,258.62,31.55,4.59,20.22,62.0,4.05,169.11,55.83,75.15,35.04,11.52,290.0,51.71,87.3,56.66,4.45,215.0,225.95,61.95,4.2,137.12,10.19,36.55,32.58,325.42,23.66,53.57,6.45,40.79,382.88,67.0,21.85,18.02,50.26,282.21,54.31,1019.0,17.21,262.4,31.9,12360.0,42.07,30.34,47.43,0.96
2021-01-29,17.17,131.96,132.6,85.64,160.31,253.83,29.65,4.54,18.67,69.5,6.2,167.5,53.31,72.39,34.19,10.53,252.0,49.36,86.97,55.51,4.3,205.56,231.96,57.0,4.56,129.9,10.05,35.9,35.18,314.56,24.99,52.94,8.15,33.4,370.07,73.55,21.62,18.1,45.24,264.51,50.93,1464.0,16.15,337.28,29.88,8600.0,39.32,28.95,44.84,0.92
2021-02-05,17.19,136.76,68.3,87.9,167.61,265.67,32.37,4.84,21.31,74.0,7.55,184.54,56.24,74.71,36.23,11.51,270.0,51.69,87.52,58.18,4.31,221.65,242.2,56.67,4.22,135.91,11.07,34.92,34.05,331.36,24.95,63.64,11.3,36.72,387.71,62.55,21.85,25.72,52.65,284.08,58.58,1005.0,17.26,263.52,32.56,12000.0,42.56,30.89,49.95,1.91
2021-02-12,17.27,135.37,55.9,93.77,163.89,267.85,33.37,4.69,20.6,92.0,14.7,195.87,57.8,76.31,36.03,11.45,382.0,53.58,87.78,61.81,4.26,227.26,244.99,59.85,4.17,149.61,10.55,34.72,31.91,336.45,25.31,61.97,20.8,45.77,392.64,59.8,21.75,29.0,55.06,272.04,60.63,942.0,17.5,251.84,33.53,10960.0,44.67,31.52,50.52,2.57
2021-02-19,18.68,129.87,57.0,89.58,162.49,263.59,34.54,4.58,24.59,99.5,12.1,192.77,57.53,76.25,35.68,11.58,350.0,53.61,87.5,63.01,4.23,225.19,240.97,55.04,4.07,149.26,10.05,34.44,29.0,331.02,25.26,65.52,15.3,45.8,390.03,62.7,21.9,29.21,52.41,260.43,58.39,881.0,18.22,241.6,37.83,10360.0,46.18,32.41,52.37,2.28
2021-02-26,20.94,121.26,80.1,84.51,154.65,237.76,34.71,4.14,26.75,72.0,9.99,177.62,53.73,74.01,31.9,11.7,256.0,49.07,86.44,60.78,3.73,218.31,232.38,45.78,3.92,137.15,7.93,33.49,23.9,314.14,24.66,65.66,13.3,38.71,380.36,72.4,21.06,24.36,44.61,225.17,51.75,954.0,16.9,256.48,36.17,8640.0,48.15,32.31,54.37,1.87
2021-03-05,20.45,121.42,80.5,78.52,150.02,233.89,36.93,4.4,26.09,60.0,8.07,182.44,53.83,74.63,32.99,12.27,228.0,48.85,86.62,60.74,3.99,217.71,231.6,38.11,3.88,124.61,7.76,34.39,23.95,308.68,23.36,57.43,11.35,32.75,383.63,75.2,22.37,21.63,41.88,199.32,55.54,872.0,17.74,241.92,37.43,6920.0,52.95,33.71,60.93,1.78
2021-03-12,23.37,121.03,111.6,81.05,154.47,231.87,37.94,4.48,28.46,66.0,10.2,176.4,53.99,76.28,33.29,13.37,290.0,48.1,86.46,62.9,4.01,233.59,235.75,45.5,4.22,128.56,8.12,34.94,26.92,315.46,24.03,62.69,14.2,33.42,394.06,69.1,22.52,27.57,44.26,231.24,60.35,774.0,17.62,223.2,39.97,15740.0,53.57,34.77,61.97,2.29
2021-03-19,24.97,119.99,139.3,79.06,153.75,239.79,38.53,4.76,28.96,59.5,9.47,164.7,54.08,76.43,34.25,12.83,280.0,47.99,86.06,63.76,4.18,226.94,230.35,43.35,4.02,128.46,8.49,35.53,24.32,313.14,24.31,58.36,14.9,34.75,389.48,70.05,22.48,25.35,43.24,218.29,57.08,672.0,17.25,204.32,39.63,11280.0,49.53,34.22,56.49,2.15
2021-03-26,22.93,121.21,102.4,77.41,152.6,227.26,38.68,4.65,26.06,53.5,8.0,142.3,53.27,76.6,32.41,12.3,224.0,46.67,86.92,64.87,4.01,220.61,236.48,36.13,4.06,128.39,8.11,36.25,22.58,316.0,23.23,51.6,11.3,37.69,395.98,67.65,22.89,22.08,44.33,206.24,54.71,589.0,16.74,187.84,39.76,9440.0,50.43,34.37,57.71,1.69
2021-04-02,23.86,123.0,93.6,81.09,158.05,224.36,39.49,4.49,26.86,53.0,7.38,145.0,53.86,76.86,32.62,12.17,226.0,47.45,87.07,64.55,3.93,223.74,242.35,39.66,4.0,138.12,8.27,36.3,23.07,324.57,23.15,54.49,11.0,42.41,400.61,62.2,23.01,22.34,47.95,220.58,57.6,539.0,17.12,176.8,39.63,8840.0,50.31,34.47,57.39,1.46
2021-04-09,23.54,133.0,94.2,82.76,168.61,223.31,39.99,4.43,29.3,45.0,5.08,147.1,53.55,77.99,33.56,12.51,216.0,46.53,87.2,68.26,3.88,222.59,255.85,38.12,4.13,144.0,8.29,36.6,24.04,337.11,23.41,63.27,10.0,44.48,411.49,55.35,22.69,19.76,53.63,225.67,57.68,485.0,18.22,164.96,40.5,8680.0,48.19,35.15,55.87,1.24
2021-04-16,22.03,134.16,93.3,82.15,169.97,238.69,39.15,4.62,27.03,36.0,4.51,150.1,54.35,79.29,35.06,12.23,196.0,46.91,87.3,64.75,4.09,224.65,260.74,36.09,4.18,159.12,8.12,38.57,22.47,342.01,24.09,61.25,8.47,42.75,417.26,52.8,22.62,17.2,55.9,246.59,60.35,448.0,19.53,156.96,43.84,7280.0,48.4,35.4,56.66,0.85
2021-04-23,21.11,134.32,101.6,82.76,167.04,232.08,39.18,4.24,27.27,35.5,4.82,161.0,54.63,79.07,35.54,12.22,196.0,47.59,87.37,59.24,4.09,225.76,261.15,41.08,4.2,152.65,8.44,38.66,23.41,339.42,24.14,61.3,8.35,40.15,416.74,53.85,23.72,17.07,54.53,243.13,57.93,464.0,19.66,160.68,43.86,7680.0,47.54,35.38,55.57,0.94
2021-04-30,21.72,131.46,100.3,81.62,173.37,230.95,40.53,4.35,27.96,36.5,4.97,152.6,53.98,78.11,35.56,11.54,90.0,46.28,87.44,57.53,4.12,224.89,252.18,39.84,4.68,150.1,8.48,38.65,23.04,337.99,24.01,61.82,8.64,36.9,417.3,54.45,23.72,18.34,53.83,236.48,54.77,463.0,20.12,160.64,45.05,7800.0,49.39,36.26,57.24,1.06
2021-05-07,22.0,130.21,95.1,78.81,164.58,225.31,42.18,4.59,26.76,33.0,4.41,149.3,54.69,80.41,38.01,11.82,80.0,46.05,87.33,57.67,4.34,225.39,252.46,36.94,5.1,148.12,9.07,39.58,19.75,334.2,25.47,54.7,7.66,36.93,422.12,56.15,24.29,16.18,51.9,224.12,47.03,406.0,22.08,146.96,46.54,6680.0,53.63,37.78,62.43,0.85
2021-05-14,22.4,127.45,129.8,74.59,161.15,209.51,42.36,4.71,27.2,30.0,3.95,122.0,52.95,79.56,37.49,11.84,74.0,44.21,87.21,55.35,4.51,221.02,248.15,33.42,4.9,142.43,9.68,40.02,20.08,326.39,25.46,52.99,7.07,31.93,416.58,59.65,24.35,13.93,47.99,196.58,47.42,425.0,21.03,154.42,46.96,6380.0,53.49,37.88,60.77,0.75
2021-05-21,22.57,125.43,120.8,77.17,160.15,211.06,42.4,4.81,27.17,31.5,4.25,111.0,53.14,80.03,37.02,13.33,90.0,45.14,87.11,56.08,4.5,219.97,245.17,34.06,5.05,149.92,9.42,39.95,20.75,327.01,25.53,56.61,7.55,34.14,414.94,59.05,22.67,15.23,48.22,193.63,48.82,438.0,20.45,157.92,45.88,6520.0,52.16,37.58,58.92,0.82
2021-05-28,24.24,124.61,261.2,80.08,161.15,213.96,42.39,5.08,29.56,32.0,3.05,102.3,54.87,80.83,38.91,14.53,86.0,46.24,87.18,57.12,4.7,225.5,249.68,38.62,5.16,162.45,10.21,38.73,22.95,333.93,25.9,62.12,9.7,38.78,420.04,55.35,22.23,16.67,51.29,208.41,50.83,361.6,21.52,138.8,46.72,6200.0,52.21,37.99,58.37,0.84
2021-06-04,24.3,125.89,479.1,81.58,160.31,219.02,43.27,5.55,30.54,33.5,3.19,92.2,55.99,81.68,41.67,15.97,100.0,46.8,87.27,57.37,5.23,227.4,250.79,41.94,5.48,175.78,11.59,39.15,24.03,335.6,25.78,61.0,10.9,39.74,422.6,54.35,22.11,18.8,51.99,199.68,50.18,341.4,22.45,133.56,46.96,6080.0,55.75,38.47,61.45,0.91
2021-06-11,23.53,127.35,494.0,81.31,167.34,211.64,41.86,5.44,29.93,34.5,3.45,95.4,55.29,81.0,40.3,15.28,108.0,46.07,87.62,57.85,5.25,231.7,257.89,45.68,5.43,178.25,11.46,40.15,24.67,341.24,25.87,64.09,10.5,39.49,424.31,51.65,22.15,19.89,54.61,203.3,50.01,300.4,22.4,123.28,45.68,6480.0,55.38,37.56,62.17,0.95
2021-06-18,22.29,130.46,592.6,84.65,174.35,212.3,38.78,5.39,28.18,32.0,2.94,75.9,54.23,78.52,40.13,14.52,92.0,45.56,87.43,55.67,5.23,222.13,259.43,46.91,5.1,186.39,11.37,38.81,25.37,342.63,23.88,63.17,9.23,37.32,414.92,50.9,21.64,16.91,55.19,207.77,49.7,358.9,21.51,138.76,41.75,5120.0,52.39,35.23,60.4,0.89
2021-06-25,22.22,133.11,540.6,85.62,170.07,228.5,41.62,5.3,28.13,33.5,2.71,81.2,55.5,79.98,41.04,15.19,94.0,47.11,87.93,55.91,5.12,232.28,265.02,45.07,5.45,190.31,11.95,38.98,26.78,349.46,24.18,67.67,9.7,40.66,426.61,47.7,21.82,18.2,58.76,223.96,51.73,275.4,22.68,116.6,46.38,5560.0,55.34,36.93,64.66,0.85
2021-07-02,21.48,139.96,519.6,94.7,175.55,217.75,41.15,5.0,26.06,33.5,2.51,75.7,54.78,79.34,40.27,14.93,90.0,45.49,88.06,56.76,4.88,229.19,277.65,50.4,5.39,204.87,11.92,39.73,24.44,358.64,24.55,68.49,9.0,43.32,433.72,44.1,22.08,17.23,63.36,226.3,51.71,271.3,22.48,115.64,45.07,7520.0,54.69,36.94,63.17,0.78
2021-07-09,20.89,145.11,461.9,90.9,185.97,205.94,40.04,4.69,24.26,28.5,2.45,66.0,53.55,79.56,38.62,14.48,82.0,44.15,88.0,55.99,4.58,226.38,277.94,45.53,5.47,200.5,10.89,39.61,23.29,361.01,24.19,65.81,8.91,41.77,435.52,43.2,21.49,16.17,64.57,218.98,49.07,279.6,22.42,117.72,43.91,11640.0,52.85,36.71,61.23,0.74
2021-07-16,19.79,146.39,349.6,85.89,178.68,212.1,37.92,4.73,20.92,25.0,2.03,64.6,53.59,78.32,39.29,13.61,80.0,44.4,87.67,54.97,4.65,214.95,280.75,42.8,5.68,181.61,10.68,40.35,21.37,357.6,23.77,59.31,8.12,36.76,431.34,44.4,21.4,13.91,62.76,214.74,46.19,293.6,22.07,122.2,44.28,13080.0,48.68,36.12,57.32,0.61
2021-07-23,21.2,148.56,369.9,92.15,182.83,206.53,37.7,4.57,21.96,24.0,2.01,29.3,52.51,79.22,38.36,13.82,80.0,42.78,87.95,53.0,4.55,219.55,289.67,43.99,5.75,195.58,10.54,41.68,21.81,368.2,23.35,77.97,7.97,41.55,439.94,40.6,21.26,13.59,68.28,214.46,47.46,286.8,21.95,121.32,44.59,9720.0,48.52,36.26,57.04,0.63
2021-07-30,20.38,145.86,370.2,106.19,166.38,195.19,38.36,4.67,21.65,22.5,2.08,21.7,51.6,79.49,37.4,13.95,74.0,40.54,87.84,53.72,4.76,221.05,284.91,44.68,6.08,194.99,10.67,42.81,21.71,364.57,23.63,74.42,8.25,44.39,438.51,41.7,21.19,14.61,66.37,229.07,43.46,285.4,21.02,120.84,45.94,10520.0,49.39,36.52,57.57,0.61
2021-08-06,21.02,146.14,327.0,110.11,167.25,196.39,40.15,4.55,23.08,23.0,2.3,21.0,51.94,80.31,37.57,13.8,84.0,40.42,87.38,53.92,4.81,223.39,289.46,43.84,6.1,203.66,11.18,45.07,21.82,368.05,22.52,75.98,8.05,46.63,442.49,40.5,21.12,14.42,68.21,233.03,44.28,257.9,20.94,113.2,48.77,12880.0,49.51,37.86,57.86,0.59
2021-08-13,19.84,149.1,334.7,110.55,164.7,188.62,41.63,4.47,22.86,21.5,2.14,19.7,51.73,81.42,36.99,13.59,80.0,41.35,87.46,53.49,4.81,221.13,292.85,41.03,6.12,201.88,11.34,48.48,24.9,368.82,21.97,74.62,7.5,43.48,445.92,40.25,21.29,13.3,68.57,239.06,42.22,230.2,20.64,105.12,50.37,10640.0,49.42,38.58,56.77,0.48
2021-08-20,18.5,148.19,344.1,104.65,160.0,157.96,40.37,4.23,21.96,17.5,1.91,18.2,49.5,79.45,34.86,12.57,72.0,38.67,87.29,52.01,4.54,215.52,304.36,36.92,5.9,208.16,10.1,48.72,24.01,367.73,21.35,72.72,6.97,40.43,443.36,40.5,20.82,12.83,67.9,226.75,39.95,249.0,18.23,111.04,47.42,9000.0,45.89,37.69,52.74,0.47
2021-08-27,20.22,148.6,408.4,111.4,167.48,159.47,42.49,4.5,24.35,24.5,2.25,20.0,51.59,80.7,36.98,13.31,78.0,40.14,87.96,53.89,4.86,226.41,299.72,38.05,6.03,226.36,11.21,46.6,25.71,376.04,22.33,73.12,7.62,47.3,450.25,37.85,20.49,13.42,72.55,237.31,40.69,223.1,19.44,103.4,49.81,9680.0,49.31,39.0,55.77,0.63
2021-09-03,19.37,154.3,440.2,109.92,173.9,170.3,41.05,4.27,22.96,41.5,2.29,23.6,53.12,82.07,35.85,12.89,82.0,41.47,88.01,53.51,4.67,227.96,301.14,40.37,6.04,228.43,10.45,46.84,26.64,381.57,22.88,75.08,7.75,47.24,453.08,36.15,20.82,13.59,75.72,244.52,40.32,212.4,19.08,99.76,44.17,10360.0,48.62,38.07,54.87,0.6
2021-09-10,18.95,148.97,501.6,105.2,173.46,168.1,40.27,4.0,22.75,76.0,2.16,21.0,52.49,81.16,34.6,12.68,114.0,41.57,87.83,53.84,4.46,221.62,295.71,37.98,5.83,224.78,9.94,45.59,26.28,376.59,21.99,74.5,7.22,46.59,445.44,37.65,20.53,12.41,72.78,245.42,39.89,238.6,18.03,108.24,44.33,8880.0,47.79,37.58,53.98,0.6
2021-09-17,19.73,146.06,442.0,103.88,173.13,160.05,40.5,3.79,23.55,84.5,2.55,19.0,51.37,80.5,33.3,13.55,46.0,39.92,88.0,54.26,4.32,222.48,299.87,37.51,5.5,219.0,9.71,43.89,28.71,373.83,20.74,74.76,7.25,46.75,441.4,38.4,20.79,12.17,71.12,253.16,39.75,234.8,16.31,107.24,46.47,8200.0,49.32,37.58,55.16,0.52
2021-09-24,21.39,146.92,400.1,105.8,171.28,145.08,42.14,3.8,25.44,102.0,2.55,18.7,50.78,80.3,33.43,13.78,42.0,38.24,87.91,54.22,4.35,223.05,299.35,35.38,5.58,220.81,10.3,43.94,28.56,373.33,20.71,83.11,6.73,47.95,443.91,38.2,20.49,11.67,70.89,258.13,46.63,204.9,14.49,98.32,47.92,8000.0,50.9,38.22,57.59,0.52
2021-10-01,21.65,142.65,384.6,102.45,164.16,144.2,43.08,3.99,26.09,162.5,2.5,20.9,50.33,78.2,33.08,14.16,70.0,38.62,87.41,53.86,4.54,222.28,289.1,35.38,5.46,207.42,10.74,42.93,24.33,360.18,20.83,75.25,6.7,40.07,434.24,42.35,20.51,11.15,63.42,258.41,47.05,232.1,14.2,107.28,47.02,7600.0,53.84,38.15,60.93,0.57
2021-10-08,20.07,142.9,371.9,105.06,164.43,161.52,44.34,3.81,23.83,85.5,2.3,21.4,50.82,77.98,32.48,15.12,72.0,39.95,86.76,53.81,4.44,221.58,294.85,35.83,5.8,208.31,10.82,42.45,23.5,361.16,20.95,75.0,6.8,39.33,437.86,41.85,20.22,10.49,63.74,261.83,47.77,205.9,14.57,99.16,48.0,6600.0,56.57,39.02,62.18,0.51
2021-10-15,19.98,144.84,407.4,112.12,170.45,168.0,46.37,3.91,23.67,68.5,2.38,23.8,51.94,79.98,33.26,15.7,68.0,40.7,87.22,54.46,4.51,225.16,304.21,37.71,5.9,218.62,11.09,41.49,24.0,368.94,21.58,77.34,6.56,41.84,445.87,39.05,19.41,10.24,67.86,281.01,48.36,181.7,14.78,91.16,48.38,6800.0,57.33,39.51,62.59,0.5
2021-10-22,19.15,148.69,366.0,119.82,166.78,177.7,47.57,3.6,22.29,72.0,2.42,23.9,52.04,80.5,30.08,16.28,60.0,42.2,86.84,49.46,4.13,227.41,309.16,38.88,5.88,227.26,9.95,43.16,24.43,374.1,22.54,55.14,6.6,44.05,453.12,37.4,19.25,11.08,70.64,303.23,45.51,167.8,13.52,86.8,50.66,6000.0,57.95,40.62,63.12,0.5
2021-10-29,19.2,149.8,353.7,120.23,168.62,164.94,47.78,3.5,22.16,65.0,2.35,20.5,50.92,80.49,29.32,17.08,72.0,40.33,86.93,49.0,4.07,228.05,331.62,39.41,5.68,255.67,9.82,43.74,25.88,386.11,22.09,52.58,6.5,47.65,459.25,33.95,19.08,10.3,77.58,371.33,43.82,164.4,12.73,85.76,51.16,7520.0,57.47,40.26,64.47,0.51
2021-11-05,21.82,151.28,417.0,136.34,175.95,158.73,46.97,3.61,24.79,66.0,2.34,20.4,50.92,81.83,29.95,19.29,70.0,39.34,87.5,50.92,4.1,241.81,336.06,42.29,5.77,297.52,9.72,48.61,26.0,398.6,22.35,53.17,6.43,60.91,468.53,30.85,18.96,10.7,85.28,407.36,47.19,157.5,11.61,83.32,50.44,7100.0,58.26,40.02,65.02,0.53
2021-11-12,20.29,149.99,400.0,147.89,176.26,166.81,46.91,3.85,22.36,54.5,2.27,22.0,52.0,81.38,30.86,19.5,66.0,41.42,86.85,50.31,4.19,239.5,336.72,42.67,5.68,303.9,10.23,49.73,22.83,394.7,23.42,53.7,9.2,63.35,467.27,31.6,18.84,12.94,82.72,344.47,45.12,152.4,12.55,81.44,50.96,6520.0,57.55,40.15,63.82,0.54
2021-11-19,19.28,160.55,408.7,155.41,183.83,140.34,45.4,3.67,20.49,60.5,2.0,21.9,50.92,80.34,29.17,19.39,54.0,40.51,86.56,49.52,3.93,232.72,343.11,38.66,5.81,329.85,9.74,50.8,21.41,403.99,22.75,51.32,7.31,68.61,468.89,29.45,18.23,10.93,88.57,379.02,44.23,159.3,11.45,83.84,48.82,5480.0,54.67,39.02,60.67,0.48
2021-11-26,17.75,156.81,376.3,154.81,175.23,133.35,45.76,3.65,17.95,68.5,1.96,22.3,48.7,77.13,29.38,19.75,54.0,38.77,85.47,48.78,4.03,222.85,329.68,39.99,5.55,315.03,10.47,54.0,21.03,391.2,21.37,49.76,6.54,61.37,458.97,32.3,18.29,10.57,80.42,360.64,40.52,211.8,12.37,104.64,48.43,5560.0,55.58,38.77,61.25,0.43
2021-12-03,16.62,161.84,290.1,144.01,169.49,111.96,43.87,3.63,17.2,51.0,1.72,18.7,48.92,77.03,29.77,19.14,44.0,37.47,86.0,49.25,3.98,214.71,323.01,32.15,5.66,306.93,10.63,54.27,18.98,383.13,20.85,46.79,5.64,62.93,453.42,34.1,17.72,8.95,75.04,338.32,35.85,235.0,12.73,111.84,47.75,4360.0,55.14,38.03,60.89,0.33
2021-12-10,18.01,179.45,274.4,138.55,172.21,125.06,44.52,3.56,19.28,55.0,1.72,23.0,50.08,79.07,30.68,21.45,50.0,38.86,86.63,50.59,3.88,219.91,342.54,34.26,6.02,301.98,11.27,52.78,18.94,398.01,20.5,50.82,5.86,67.6,470.74,30.15,17.25,8.62,83.74,339.01,36.67,149.2,13.52,83.12,50.2,4960.0,57.24,39.05,63.01,0.36
2021-12-17,16.95,171.14,291.2,137.75,170.02,122.1,43.88,3.48,18.28,52.5,1.57,21.6,48.16,76.65,28.29,19.77,46.0,36.34,86.37,50.62,3.7,215.14,323.8,30.0,6.01,278.01,10.79,59.48,19.06,384.91,20.68,45.29,6.04,58.96,459.87,33.0,17.96,7.98,75.4,310.86,39.68,161.0,14.0,87.88,47.95,4320.0,54.37,38.59,60.03,0.36
2021-12-24,18.26,176.28,285.2,146.14,171.07,118.66,44.42,3.38,21.2,44.0,1.6,20.5,48.72,78.51,27.75,20.25,46.0,36.63,87.16,51.31,3.74,222.04,334.69,30.52,6.19,296.4,10.79,58.71,18.93,396.92,21.16,48.68,6.7,67.41,470.6,29.9,18.78,7.84,82.74,355.67,43.91,141.5,13.91,80.72,48.36,4280.0,54.9,38.82,61.02,0.35
2021-12-31,17.96,177.57,272.0,143.9,166.72,118.79,44.49,3.42,20.12,42.5,1.42,21.0,48.85,78.68,28.07,20.77,44.0,36.58,87.01,51.5,3.75,222.45,336.32,31.68,6.22,294.11,10.98,59.05,18.21,397.85,21.51,47.03,5.78,68.01,474.96,29.7,18.58,7.03,83.17,352.26,41.93,124.3,14.02,74.12,47.98,3508.0,55.5,39.05,61.19,0.31
2022-01-07,19.28,172.17,229.9,132.0,162.55,129.81,49.18,3.57,21.9,41.0,1.39,18.6,48.89,78.77,27.27,24.44,52.0,36.63,85.87,53.44,3.98,216.07,314.04,29.3,6.1,272.47,11.01,55.72,16.56,379.86,20.62,41.36,5.96,59.74,466.09,33.7,19.86,6.42,72.04,342.32,41.51,126.7,14.81,75.28,54.77,2804.0,61.34,41.17,68.88,0.32
2022-01-14,18.49,173.07,205.7,136.88,162.14,131.57,47.91,3.77,22.95,37.5,1.35,18.1,50.11,79.0,29.11,25.19,44.0,38.12,86.09,55.7,4.25,214.31,310.2,30.95,5.93,269.42,12.61,54.95,16.01,380.01,21.2,38.04,5.64,64.48,464.72,33.5,20.53,6.86,71.87,349.87,41.51,122.8,15.38,73.8,58.06,2032.0,64.51,40.83,71.87,0.35
2022-01-21,16.3,162.41,179.7,118.81,142.64,123.23,44.92,3.82,19.99,27.5,1.13,15.7,49.0,76.34,29.92,20.65,40.0,38.26,85.44,52.04,4.22,196.99,296.03,27.35,5.51,233.74,12.67,52.79,13.53,351.69,22.38,32.12,4.78,43.71,437.98,41.79,20.1,5.79,56.67,314.63,35.94,172.0,15.6,92.8,53.67,1592.0,62.45,38.2,72.17,0.3
2022-01-28,15.64,170.33,150.6,105.24,143.98,115.23,45.87,4.16,18.97,28.0,1.14,13.3,47.29,74.73,31.15,19.54,40.0,36.2,84.68,47.73,4.56,195.25,308.26,20.9,5.72,228.4,13.38,54.33,12.71,351.8,20.71,30.42,4.53,38.41,441.95,41.32,19.04,5.48,56.37,282.12,35.21,169.5,15.58,91.8,54.19,2516.0,65.63,38.72,75.28,0.29
2022-02-04,16.45,172.39,153.5,123.6,157.64,122.22,48.28,4.29,19.96,28.0,1.21,14.7,48.66,76.07,31.68,17.96,40.0,37.98,83.77,48.01,4.75,198.38,305.94,23.96,5.71,243.19,13.56,53.0,12.94,358.01,20.79,38.91,5.3,43.46,448.7,38.55,18.19,5.95,58.7,307.77,37.05,146.4,16.55,84.0,56.33,3232.0,68.9,40.1,81.41,0.31
2022-02-11,17.61,168.64,188.1,113.18,153.29,122.25,47.92,4.0,22.04,26.5,1.9,15.2,48.72,75.68,32.52,17.55,40.0,37.65,82.66,47.63,5.0,201.38,295.04,24.1,5.54,239.49,14.19,50.78,13.13,347.06,21.83,39.49,6.63,39.54,440.46,41.62,18.23,7.12,53.28,286.67,35.29,166.6,17.54,92.96,58.31,2652.0,70.41,40.11,80.21,0.29
2022-02-18,17.87,167.3,179.0,113.83,152.6,118.99,45.96,4.12,22.17,25.0,1.65,15.2,48.72,75.3,32.92,18.04,38.0,36.71,82.89,45.04,5.06,199.47,287.93,23.21,5.66,236.42,14.01,48.53,11.02,341.51,22.12,38.01,5.75,39.63,434.23,43.29,18.03,6.39,50.44,285.66,34.68,170.1,16.64,93.8,55.63,3144.0,68.05,39.22,77.36,0.36
2022-02-25,17.46,164.85,176.6,121.06,153.79,107.94,45.02,3.91,21.1,34.5,1.57,14.1,47.35,74.64,33.06,17.83,34.0,35.22,83.61,47.71,4.87,202.5,297.31,20.94,5.44,241.57,14.19,47.72,11.47,345.77,22.4,39.15,5.11,41.78,437.75,41.17,18.06,6.06,51.91,269.96,34.98,163.7,17.82,91.8,54.11,2744.0,68.88,39.1,77.84,0.35
2022-03-04,14.59,163.17,165.7,108.41,145.64,100.6,40.95,3.88,17.23,39.0,1.63,11.9,44.62,69.03,34.29,16.85,34.0,32.97,82.54,48.07,4.84,198.66,289.86,18.63,4.8,229.36,14.51,48.65,10.96,337.3,23.64,33.09,4.99,34.77,432.17,44.11,18.03,5.24,48.09,279.43,29.83,198.5,20.15,104.8,48.79,2548.0,75.23,37.23,84.09,0.34
2022-03-11,14.02,154.73,143.0,104.29,145.52,86.71,40.33,4.03,17.21,46.0,1.78,10.2,42.57,68.65,33.37,16.04,28.0,29.07,80.93,45.83,4.85,196.73,280.07,16.07,4.81,221.0,13.76,50.27,11.39,324.4,23.87,30.05,4.75,30.69,420.07,48.54,17.52,5.19,42.34,265.12,30.76,199.2,19.07,105.36,48.47,2292.0,76.85,36.4,84.92,0.3
2022-03-18,16.75,163.98,158.0,113.46,161.25,108.3,42.9,4.18,19.46,41.5,1.7,12.8,45.36,73.77,34.65,16.86,34.0,33.17,82.53,47.45,5.22,207.27,300.43,20.86,5.33,264.53,13.26,54.51,12.82,351.49,23.02,36.0,5.22,39.17,444.52,37.49,17.54,5.51,53.17,301.8,33.36,153.3,19.06,100.0,51.42,2008.0,73.88,39.0,78.67,0.34
2022-03-25,17.01,174.72,202.4,119.67,164.77,112.99,43.73,4.64,18.39,43.5,1.73,12.6,45.05,73.76,37.69,16.47,32.0,32.12,81.32,51.83,5.72,206.12,303.68,19.91,5.37,276.92,14.69,52.78,12.97,359.35,23.48,35.4,8.12,42.01,452.69,34.65,18.01,8.56,56.93,336.88,34.06,135.9,19.94,100.8,52.56,1624.0,78.75,39.52,85.2,0.33
2022-04-01,18.24,174.31,233.0,108.19,163.56,110.2,40.9,4.67,20.05,41.5,1.8,12.1,45.9,74.29,39.14,16.65,30.0,33.2,81.95,48.11,5.85,207.57,309.42,21.93,5.55,267.12,15.1,51.57,13.83,361.85,22.74,37.39,7.0,36.29,452.92,33.78,18.11,7.48,57.93,361.53,35.98,127.5,20.83,100.12,48.71,1704.0,77.06,38.22,83.12,0.33
2022-04-08,16.59,170.09,182.4,101.0,154.46,103.53,39.67,4.49,18.34,38.0,1.66,12.03,44.93,72.89,37.86,15.05,28.0,32.28,80.24,47.02,5.58,197.87,296.97,20.0,5.37,231.19,15.69,55.17,12.7,349.15,22.82,35.67,5.6,28.29,447.57,37.2,18.23,6.4,51.84,341.83,32.05,131.0,20.1,98.68,48.73,1436.0,79.53,37.89,86.84,0.31
2022-04-15,19.0,165.29,180.2,93.06,151.71,95.49,37.57,4.5,19.56,43.5,2.35,11.08,44.23,72.02,37.24,15.48,26.0,31.64,80.24,45.67,5.54,198.96,279.83,19.65,5.11,212.58,14.71,53.12,12.42,338.43,23.64,33.19,5.31,25.61,437.79,40.54,19.54,6.02,47.0,328.33,32.68,133.4,19.48,99.96,46.35,1400.0,79.85,36.89,87.83,0.31
2022-04-22,20.18,161.79,165.2,88.14,144.35,86.49,37.56,3.93,18.84,41.5,2.23,10.23,42.38,70.47,34.75,15.13,26.0,29.51,79.26,46.54,5.27,192.68,274.03,17.18,5.14,195.15,13.88,48.13,11.96,325.4,22.31,29.76,5.21,24.45,426.04,45.14,19.52,5.24,41.51,335.02,30.83,153.9,16.7,104.6,46.34,1440.0,76.2,36.17,85.13,0.26
2022-04-29,18.77,157.65,153.0,85.52,124.28,97.09,35.68,3.6,17.3,39.5,1.87,12.55,42.38,68.64,32.77,14.16,24.0,30.94,78.53,43.59,4.79,184.95,277.52,16.7,5.04,185.47,13.57,49.07,10.4,313.25,21.04,28.46,4.69,22.24,412.0,49.03,18.86,4.98,36.53,290.25,31.48,182.7,16.89,110.84,43.63,1316.0,75.15,34.51,85.25,0.25
2022-05-06,17.84,157.28,137.6,95.34,114.77,90.05,37.45,3.55,15.92,38.5,1.92,12.2,40.93,67.27,31.34,14.21,20.0,29.07,77.59,44.3,4.65,182.58,274.73,14.92,4.96,186.75,14.08,49.04,9.48,309.25,20.66,24.92,4.55,23.35,411.34,49.81,20.03,4.74,34.61,288.55,26.07,173.8,15.72,108.28,44.55,1152.0,82.92,34.74,91.69,0.24
2022-05-13,16.58,147.11,118.1,95.12,113.06,87.99,35.17,3.78,14.28,34.0,1.9,11.08,40.49,66.99,31.89,13.5,20.0,29.61,76.81,43.6,4.85,178.07,261.12,14.31,4.88,177.06,14.51,49.92,8.34,301.94,19.42,24.75,3.84,22.49,401.72,52.44,19.84,4.54,31.63,256.53,24.39,161.1,15.42,103.88,42.64,1268.0,80.78,33.53,88.86,0.22
2022-05-20,16.26,137.59,120.3,93.5,107.59,86.79,33.86,3.99,13.13,39.0,1.93,12.48,41.14,67.77,33.62,12.5,16.0,30.42,76.46,41.65,5.09,176.08,252.56,16.44,4.83,166.94,15.42,52.47,8.08,288.68,20.07,23.26,4.16,20.36,389.63,58.73,20.4,4.72,27.34,221.3,23.35,160.1,16.72,100.2,41.67,1084.0,81.77,32.92,91.86,0.22
2022-05-27,18.13,149.64,144.3,102.26,115.15,93.41,37.02,4.29,13.97,33.0,1.95,11.92,42.05,70.43,35.72,13.63,12.0,30.94,80.19,44.55,5.46,187.64,273.24,16.57,5.14,188.11,14.26,53.91,8.85,309.1,20.36,15.58,3.89,25.26,415.26,47.01,21.29,4.55,33.29,253.21,23.67,142.1,18.09,89.84,45.89,880.0,88.53,35.57,97.59,0.24
2022-06-03,16.22,145.38,124.5,106.3,122.35,93.21,36.19,4.1,13.51,32.0,1.96,12.85,42.37,69.7,35.24,13.5,9.2,31.87,78.64,43.39,5.33,187.06,270.02,18.08,5.04,187.2,14.18,53.2,8.94,306.2,20.23,14.49,3.77,23.93,410.54,47.96,20.9,4.2,32.14,234.52,24.15,134.6,18.54,87.56,44.82,852.0,89.51,34.87,99.09,0.25
2022-06-10,14.71,137.13,124.3,94.82,109.65,109.84,33.17,3.78,11.05,27.0,1.69,16.21,41.13,64.69,30.53,12.75,8.96,32.74,75.63,39.18,4.77,178.59,252.99,18.14,4.7,169.74,13.21,49.97,8.26,288.84,20.19,13.28,3.29,18.81,389.8,56.52,20.69,3.38,26.79,232.23,23.72,147.9,16.86,93.32,40.08,648.0,88.71,32.53,100.46,0.25
2022-06-17,12.94,131.56,125.3,81.57,106.22,102.24,31.92,3.55,9.6,23.5,1.45,21.57,39.67,61.48,27.92,11.23,8.32,32.23,74.05,36.97,4.49,165.18,247.65,20.77,4.59,158.8,11.61,46.53,8.24,274.69,19.98,12.42,3.13,13.7,365.86,63.96,19.38,3.2,22.67,216.76,21.81,161.9,14.93,98.64,38.48,564.0,73.49,30.93,86.12,0.24
2022-06-24,13.9,141.66,124.7,87.08,116.46,117.62,32.31,3.37,10.85,21.5,1.5,19.85,40.65,63.77,27.2,12.01,8.88,33.84,75.04,38.61,4.39,175.09,267.7,24.08,4.81,171.26,10.95,51.59,10.19,294.61,19.51,14.7,3.9,15.81,390.08,51.01,20.99,3.61,27.98,245.71,23.03,143.9,14.2,92.48,40.76,616.0,71.59,32.34,86.9,0.25
2022-07-01,13.13,138.93,135.3,73.67,109.56,116.0,31.56,3.23,8.82,19.0,1.33,20.21,39.85,62.64,27.07,11.32,8.4,33.94,73.98,36.34,4.25,171.41,259.58,21.36,4.66,145.23,11.76,52.31,9.27,282.13,18.31,13.17,3.33,11.6,381.24,57.62,21.31,3.15,24.39,227.26,21.34,139.9,14.15,90.16,39.92,460.0,72.58,31.88,87.55,0.21
2022-07-08,13.97,147.04,146.6,79.35,115.54,120.9,31.79,3.25,9.01,20.5,1.36,23.8,40.09,62.35,27.54,11.62,8.96,33.62,74.89,37.99,4.29,175.59,267.66,22.6,4.65,158.38,11.79,53.17,10.17,295.35,17.79,14.96,3.37,13.91,388.67,50.04,20.8,3.42,27.89,250.76,22.34,129.9,14.25,87.96,40.18,428.0,70.95,32.08,86.08,0.26
2022-07-15,14.47,150.17,153.7,81.11,113.55,102.44,32.25,3.02,9.18,18.5,1.37,22.3,38.63,61.4,25.93,11.88,8.64,31.03,75.5,38.62,4.13,173.09,256.72,20.72,4.61,157.62,11.23,51.75,9.04,291.87,17.19,13.65,3.19,15.11,385.13,51.64,20.57,3.3,26.79,240.07,21.67,124.4,12.65,86.16,41.13,404.0,68.59,31.78,84.54,0.25
2022-07-22,13.68,154.09,155.0,88.1,122.42,100.61,33.43,3.06,9.26,20.0,1.5,23.0,39.42,63.4,26.05,12.82,9.04,31.3,76.89,39.2,4.19,179.51,260.36,19.24,5.1,173.19,11.64,51.23,9.84,301.99,17.14,9.96,3.12,17.65,395.09,46.08,18.4,3.5,29.53,272.24,23.3,116.9,12.59,85.6,43.17,612.0,71.15,32.75,87.08,0.25
2022-07-29,13.71,162.51,145.6,94.47,134.95,89.37,33.81,3.32,9.06,19.5,1.6,27.41,39.96,65.72,29.02,14.69,8.64,30.38,78.19,36.31,4.5,187.25,280.74,19.73,5.18,181.63,14.28,50.51,10.35,315.46,18.7,9.88,2.25,19.83,411.99,39.83,18.78,3.65,33.36,297.15,23.45,103.2,13.46,83.76,43.87,284.0,78.42,33.71,96.93,0.26
2022-08-05,14.74,165.35,221.8,102.31,140.8,92.56,33.96,3.57,9.82,18.0,1.7,26.84,40.06,65.01,29.75,15.3,9.28,30.14,78.04,35.39,4.79,190.8,282.91,20.22,5.26,189.89,14.45,49.27,11.45,321.75,18.33,10.18,2.53,21.56,413.47,37.38,18.35,3.9,35.29,288.17,32.01,98.8,13.2,86.0,43.76,308.0,73.08,33.69,88.45,0.34
2022-08-12,15.25,172.1,244.4,100.83,143.55,94.77,36.3,3.79,10.72,18.5,1.74,25.25,41.05,66.76,31.99,16.18,9.28,30.24,78.94,36.11,5.21,200.36,291.91,21.11,5.21,187.09,13.62,50.11,9.91,330.39,19.17,11.62,3.0,21.6,427.1,34.29,18.27,4.03,37.98,300.03,32.47,91.1,13.6,88.2,45.94,292.0,78.47,35.56,94.0,0.37
2022-08-19,14.17,171.52,180.2,95.95,138.23,89.63,35.48,3.76,9.87,18.0,1.58,23.76,39.9,64.69,31.17,15.88,8.56,29.18,76.95,35.38,5.1,194.65,286.15,19.05,5.04,178.49,13.66,49.15,8.51,322.86,17.55,11.56,2.9,19.17,422.14,36.66,18.43,3.74,35.35,296.67,29.01,93.7,12.88,84.64,45.35,248.0,79.46,34.96,94.08,0.26
2022-08-26,13.74,163.62,91.7,91.18,130.75,98.0,34.03,3.79,9.97,17.5,1.44,28.15,40.01,62.71,32.01,15.41,8.24,30.7,75.81,33.36,5.19,188.98,268.09,19.92,4.87,162.6,14.74,46.82,7.94,307.44,17.36,10.67,2.95,15.98,405.31,41.86,17.89,3.83,30.24,288.09,28.58,104.1,13.45,80.6,43.97,222.0,82.84,33.72,97.87,0.27
2022-09-02,12.99,155.81,88.8,80.24,127.51,91.8,33.43,3.68,9.37,16.0,1.3,27.03,38.76,60.47,30.87,15.16,6.64,29.26,74.31,31.22,5.07,180.09,256.06,17.73,4.93,136.47,14.44,45.7,7.4,295.17,16.57,11.22,2.68,12.86,392.24,47.23,17.19,3.36,26.68,270.21,29.05,102.8,12.17,76.36,43.38,173.6,79.96,32.89,95.59,0.23
2022-09-09,14.19,157.37,97.2,85.45,133.27,92.14,34.94,3.74,10.4,16.5,1.37,26.75,39.0,62.44,31.49,15.42,6.4,29.37,75.81,31.46,5.17,187.4,264.46,19.16,5.07,143.87,13.8,47.84,7.79,307.09,17.32,12.65,2.74,14.65,406.6,41.84,17.03,3.4,29.84,299.68,31.78,93.5,13.51,73.88,45.33,175.4,80.6,34.36,96.5,0.25
2022-09-16,13.75,150.7,89.8,76.51,123.53,86.43,34.12,3.58,10.76,13.0,1.29,24.4,37.79,60.4,30.0,14.72,5.76,27.99,74.2,29.24,5.05,178.99,244.74,20.15,4.63,131.98,13.1,46.03,7.78,289.32,17.99,11.3,2.64,12.06,385.56,49.12,16.74,3.19,24.6,303.35,31.93,104.0,12.98,79.24,43.94,145.6,78.44,33.06,93.21,0.25
2022-09-23,12.21,150.43,79.9,67.96,113.78,78.8,31.73,3.82,8.95,10.0,1.09,22.04,35.98,56.76,30.74,12.31,4.56,26.61,72.13,27.52,5.37,167.31,237.92,17.64,4.26,125.16,12.55,44.08,7.4,275.51,17.36,10.32,2.3,10.03,367.95,56.26,16.01,2.72,21.31,275.33,27.82,118.3,13.04,79.28,40.41,98.0,70.48,31.05,85.75,0.21
2022-09-30,12.04,138.2,69.7,63.36,113.0,79.99,30.2,3.68,7.03,10.0,1.12,23.97,34.88,56.01,29.63,11.2,4.48,25.86,71.39,25.77,5.17,164.92,232.9,15.77,4.27,121.39,12.34,43.76,8.13,267.26,17.5,9.82,2.18,8.86,357.18,61.32,15.34,2.75,19.32,265.25,26.5,128.5,13.32,84.84,40.22,90.6,72.02,30.36,87.31,0.21
2022-10-07,12.18,140.09,65.3,58.44,114.56,81.24,30.75,3.95,6.76,11.5,1.16,25.48,35.65,56.83,32.46,12.2,4.4,26.37,72.12,25.72,5.56,168.61,234.24,13.76,4.42,120.76,14.35,42.32,8.15,269.1,18.5,10.66,2.18,9.21,362.79,59.07,14.94,3.17,19.5,223.07,28.07,127.1,14.42,83.64,41.79,74.6,81.8,30.89,101.03,0.21
2022-10-14,13.11,138.38,60.0,55.94,106.9,73.02,31.7,3.71,7.13,8.0,1.1,22.68,34.21,56.01,30.61,11.67,4.48,24.16,71.51,25.91,5.34,166.81,228.56,11.75,4.45,112.27,13.95,42.86,7.53,260.74,16.81,9.99,2.15,6.93,357.63,64.38,14.99,3.14,17.57,204.99,24.71,131.4,13.07,85.8,43.17,72.0,80.28,31.01,99.19,0.21
2022-10-21,13.71,147.27,64.9,58.82,119.32,72.18,34.95,3.99,8.2,8.0,1.14,22.79,35.27,57.99,34.09,12.19,4.8,23.92,72.49,26.97,5.99,172.7,242.12,11.21,4.25,124.66,16.05,44.95,8.29,275.42,17.76,7.76,2.17,8.58,374.29,54.08,17.1,3.36,20.57,214.44,28.02,120.7,14.33,81.0,44.83,55.6,86.93,32.19,105.86,0.22
2022-10-28,14.0,155.74,65.1,62.01,103.41,63.74,36.18,3.59,8.94,7.5,1.2,24.8,34.29,59.87,31.45,13.26,4.48,21.54,74.55,29.07,5.52,183.16,235.87,9.69,4.44,138.34,13.45,47.43,8.64,281.22,17.74,10.08,2.29,9.5,389.02,50.18,18.48,3.63,21.7,228.52,27.5,100.3,12.64,71.72,46.35,48.8,89.25,34.19,110.7,0.22
2022-11-04,14.11,138.38,56.5,62.19,90.98,69.81,36.79,3.84,9.0,6.0,1.2,28.9,36.2,60.75,33.87,13.51,4.48,23.84,72.9,28.2,5.97,178.68,221.39,11.68,4.37,141.56,12.65,47.22,7.93,264.68,19.26,9.14,2.32,8.99,376.35,59.55,18.32,3.81,17.95,207.47,28.39,95.1,14.39,69.4,46.74,38.6,91.42,33.91,112.31,0.22
2022-11-11,14.88,149.7,72.0,72.37,100.79,70.77,38.41,2.85,10.35,6.5,1.27,25.81,38.16,65.46,30.64,14.5,4.4,25.45,74.45,30.43,4.97,186.9,247.11,11.56,4.75,163.27,11.56,47.6,8.41,287.96,19.95,11.58,2.6,13.22,398.51,44.37,19.05,4.18,22.67,195.97,29.15,92.0,15.45,67.92,47.55,55.6,93.13,35.87,113.95,0.24
2022-11-18,14.05,151.29,75.9,73.57,94.14,80.48,37.19,2.9,9.47,6.5,1.32,29.08,38.03,65.15,29.47,13.99,4.48,26.09,74.23,29.87,4.94,183.72,241.22,10.47,4.79,154.09,11.35,48.23,7.39,284.82,19.25,10.52,2.6,12.49,396.03,45.83,18.97,3.86,21.84,180.19,28.96,87.3,15.07,65.64,46.5,45.2,91.63,35.37,112.08,0.22
2022-11-25,14.5,148.11,75.1,75.14,93.41,75.5,37.7,2.85,9.73,5.5,1.68,25.03,37.77,66.62,29.58,14.08,4.32,25.33,75.01,29.34,4.86,185.58,247.49,10.17,4.82,162.7,10.3,49.21,7.28,286.92,19.72,10.18,2.71,12.86,402.33,44.83,19.12,3.85,22.26,182.86,28.5,77.4,15.12,60.64,47.44,34.8,91.87,36.11,113.21,0.21
2022-12-02,13.97,147.81,81.7,74.98,94.13,90.06,36.08,2.95,10.0,5.5,1.56,30.13,39.54,67.72,31.32,13.86,4.48,28.53,75.56,29.41,5.04,188.05,255.02,13.13,5.05,168.76,11.4,50.91,7.66,292.55,21.29,10.5,3.13,13.03,406.91,41.79,19.02,4.58,23.41,194.86,28.75,71.2,16.72,57.52,45.94,35.6,90.31,35.93,109.86,0.2
2022-12-09,13.53,142.16,59.4,68.59,89.09,91.34,32.38,2.7,8.87,4.0,1.29,33.14,39.02,66.91,29.94,13.18,4.32,28.95,75.04,28.24,4.58,178.62,245.42,12.63,4.89,170.01,10.71,51.72,7.11,282.04,21.56,9.45,2.5,12.32,393.28,46.49,19.09,3.48,20.89,179.05,26.55,78.3,16.94,61.2,42.5,27.0,82.68,34.53,103.54,0.19
2022-12-16,12.81,134.51,53.1,65.41,87.86,86.79,31.7,2.58,8.45,3.0,1.15,34.4,37.83,65.42,26.21,12.12,3.84,27.94,74.6,26.92,4.43,174.37,244.69,11.6,4.63,165.71,9.37,51.4,6.9,274.25,21.37,8.47,2.27,11.11,383.27,50.24,18.49,3.26,19.06,150.23,25.97,75.8,16.07,60.04,41.19,22.2,84.36,33.7,104.7,0.18
2022-12-23,12.71,131.86,44.0,64.52,85.25,85.65,32.47,2.93,7.81,2.4,1.12,38.46,37.8,65.89,28.79,11.36,3.36,27.8,74.39,26.09,4.87,174.39,238.73,10.97,4.64,152.06,11.09,51.83,6.29,267.36,21.85,8.58,2.08,9.77,382.91,53.5,18.31,2.79,17.59,123.15,24.64,70.6,16.69,57.4,40.98,18.2,87.06,33.95,108.68,0.16
2022-12-30,12.72,129.93,40.7,64.77,84.0,88.09,33.12,2.88,8.06,2.02,1.12,34.82,37.9,65.64,27.97,11.63,3.2,28.3,73.63,26.43,4.71,174.36,239.82,9.75,4.64,146.14,10.65,51.24,6.42,266.28,22.02,8.95,2.09,9.67,382.43,54.01,18.41,2.69,17.3,123.18,24.73,68.6,16.97,56.48,41.29,16.4,87.47,34.2,110.3,0.16
