Date,SPY,SNDL,AAPL,SQQQ,TQQQ,QQQ,TSLA,AMD,AMC,F,NIO,XLF,UVXY,NVDA,CEI,BAC,AMZN,PLTR,EEM,SOXL,MSFT,IWM,T,CCL,ITUB,INTC,SNAP,HYG,AAL,XELA,ZOM,VALE,XLE,PBR,BBD,NOK,FXI,BABA,EFA,EWZ,PFE,CTRM,FAMI,WFC,VXX,TLRY,SLV,EDU,XOM,UBER
2021-01-01,373.88,4.74,132.69,75.9,45.45,313.74,235.22,91.71,21.2,8.79,48.74,29.48,1065.0,130.55,46.0,30.31,162.85,23.55,51.67,31.1,222.42,196.06,21.72,21.66,5.02,49.82,50.07,87.3,15.77,4980.0,0.23,16.76,37.9,11.23,5.26,3.91,46.43,232.73,72.96,37.07,36.81,1.85,240.0,30.18,268.64,8.26,24.57,185.81,41.22,51.0
2021-01-08,381.26,6.82,132.05,71.7,47.57,319.03,293.34,94.58,21.4,9.0,58.92,30.92,1021.0,132.77,53.0,32.53,159.13,25.2,54.71,35.79,219.62,207.72,21.92,20.47,5.0,51.65,52.73,87.37,15.13,6096.0,0.48,18.92,41.42,11.69,5.11,3.93,48.32,236.19,75.73,37.7,37.13,1.95,250.0,33.19,261.6,11.31,23.51,179.7,45.46,53.28
2021-01-15,375.7,7.14,127.14,76.6,44.34,311.86,275.39,88.21,23.3,9.83,56.27,30.94,1090.0,128.6,65.0,33.01,155.21,25.64,54.35,37.82,212.65,210.75,22.03,20.79,4.91,57.58,50.31,87.11,15.76,9936.0,0.98,17.64,42.75,10.9,5.04,4.08,48.62,243.46,74.4,36.89,36.7,3.36,260.0,32.04,273.76,19.7,22.95,172.81,47.89,55.52
2021-01-22,382.88,6.45,139.07,67.0,50.26,325.42,282.21,92.79,35.1,11.52,61.95,30.34,1019.0,137.12,62.0,31.55,164.61,32.58,55.83,40.79,225.95,215.0,21.85,20.22,4.45,56.66,53.57,87.3,15.82,12360.0,0.96,17.21,42.07,10.19,4.59,4.2,51.71,258.62,75.15,35.04,36.55,4.05,290.0,31.9,262.4,18.02,23.66,169.11,47.43,54.31
2021-01-29,370.07,8.15,131.96,73.55,45.24,314.56,264.51,85.64,132.6,10.53,57.0,28.95,1464.0,129.9,69.5,29.65,160.31,35.18,53.31,33.4,231.96,205.56,21.62,18.67,4.3,55.51,52.94,86.97,17.17,8600.0,0.92,16.15,39.32,10.05,4.54,4.56,49.36,253.83,72.39,34.19,35.9,6.2,252.0,29.88,337.28,18.1,24.99,167.5,44.84,50.93
2021-02-05,387.71,11.3,136.76,62.55,52.65,331.36,284.08,87.9,68.3,11.51,56.67,30.89,1005.0,135.91,74.0,32.37,167.61,34.05,56.24,36.72,242.2,221.65,21.85,21.31,4.31,58.18,63.64,87.52,17.19,12000.0,1.91,17.26,42.56,11.07,4.84,4.22,51.69,265.67,74.71,36.23,34.92,7.55,270.0,32.56,263.52,25.72,24.95,184.54,49.95,58.58
2021-02-12,392.64,20.8,135.37,59.8,55.06,336.45,272.04,93.77,55.9,11.45,59.85,31.52,942.0,149.61,92.0,33.37,163.89,31.91,57.8,45.77,244.99,227.26,21.75,20.6,4.26,61.81,61.97,87.78,17.27,10960.0,2.57,17.5,44.67,10.55,4.69,4.17,53.58,267.85,76.31,36.03,34.72,14.7,382.0,33.53,251.84,29.0,25.31,195.87,50.52,60.63
2021-02-19,390.03,15.3,129.87,62.7,52.41,331.02,260.43,89.58,57.0,11.58,55.04,32.41,881.0,149.26,99.5,34.54,162.49,29.0,57.53,45.8,240.97,225.19,21.9,24.59,4.23,63.01,65.52,87.5,18.68,10360.0,2.28,18.22,46.18,10.05,4.58,4.07,53.61,263.59,76.25,35.68,34.44,12.1,350.0,37.83,241.6,29.21,25.26,192.77,52.37,58.39
2021-02-26,380.36,13.3,121.26,72.4,44.61,314.14,225.17,84.51,80.1,11.7,45.78,32.31,954.0,137.15,72.0,34.71,154.65,23.9,53.73,38.71,232.38,218.31,21.06,26.75,3.73,60.78,65.66,86.44,20.94,8640.0,1.87,16.9,48.15,7.93,4.14,3.92,49.07,237.76,74.01,31.9,33.49,9.99,256.0,36.17,256.48,24.36,24.66,177.62,54.37,51.75
2021-03-05,383.63,11.35,121.42,75.2,41.88,308.68,199.32,78.52,80.5,12.27,38.11,33.71,872.0,124.61,60.0,36.93,150.02,23.95,53.83,32.75,231.6,217.71,22.37,26.09,3.99,60.74,57.43,86.62,20.45,6920.0,1.78,17.74,52.95,7.76,4.4,3.88,48.85,233.89,74.63,32.99,34.39,8.07,228.0,37.43,241.92,21.63,23.36,182.44,60.93,55.54
2021-03-12,394.06,14.2,121.03,69.1,44.26,315.46,231.24,81.05,111.6,13.37,45.5,34.77,774.0,128.56,66.0,37.94,154.47,26.92,53.99,33.42,235.75,233.59,22.52,28.46,4.01,62.9,62.69,86.46,23.37,15740.0,2.29,17.62,53.57,8.12,4.48,4.22,48.1,231.87,76.28,33.29,34.94,10.2,290.0,39.97,223.2,27.57,24.03,176.4,61.97,60.35
2021-03-19,389.48,14.9,119.99,70.05,43.24,313.14,218.29,79.06,139.3,12.83,43.35,34.22,672.0,128.46,59.5,38.53,153.75,24.32,54.08,34.75,230.35,226.94,22.48,28.96,4.18,63.76,58.36,86.06,24.97,11280.0,2.15,17.25,49.53,8.49,4.76,4.02,47.99,239.79,76.43,34.25,35.53,9.47,280.0,39.63,204.32,25.35,24.31,164.7,56.49,57.08
2021-03-26,395.98,11.3,121.21,67.65,44.33,316.0,206.24,77.41,102.4,12.3,36.13,34.37,589.0,128.39,53.5,38.68,152.6,22.58,53.27,37.69,236.48,220.61,22.89,26.06,4.01,64.87,51.6,86.92,22.93,9440.0,1.69,16.74,50.43,8.11,4.65,4.06,46.67,227.26,76.6,32.41,36.25,8.0,224.0,39.76,187.84,22.08,23.23,142.3,57.71,54.71
2021-04-02,400.61,11.0,123.0,62.2,47.95,324.57,220.58,81.09,93.6,12.17,39.66,34.47,539.0,138.12,53.0,39.49,158.05,23.07,53.86,42.41,242.35,223.74,23.01,26.86,3.93,64.55,54.49,87.07,23.86,8840.0,1.46,17.12,50.31,8.27,4.49,4.0,47.45,224.36,76.86,32.62,36.3,7.38,226.0,39.63,176.8,22.34,23.15,145.0,57.39,57.6
2021-04-09,411.49,10.0,133.0,55.35,53.63,337.11,225.67,82.76,94.2,12.51,38.12,35.15,485.0,144.0,45.0,39.99,168.61,24.04,53.55,44.48,255.85,222.59,22.69,29.3,3.88,68.26,63.27,87.2,23.54,8680.0,1.24,18.22,48.19,8.29,4.43,4.13,46.53,223.31,77.99,33.56,36.6,5.08,216.0,40.5,164.96,19.76,23.41,147.1,55.87,57.68
2021-04-16,417.26,8.47,134.16,52.8,55.9,342.01,246.59,82.15,93.3,12.23,36.09,35.4,448.0,159.12,36.0,39.15,169.97,22.47,54.35,42.75,260.74,224.65,22.62,27.03,4.09,64.75,61.25,87.3,22.03,7280.0,0.85,19.53,48.4,8.12,4.62,4.18,46.91,238.69,79.29,35.06,38.57,4.51,196.0,43.84,156.96,17.2,24.09,150.1,56.66,60.35
2021-04-23,416.74,8.35,134.32,53.85,54.53,339.42,243.13,82.76,101.6,12.22,41.08,35.38,464.0,152.65,35.5,39.18,167.04,23.41,54.63,40.15,261.15,225.76,23.72,27.27,4.09,59.24,61.3,87.37,21.11,7680.0,0.94,19.66,47.54,8.44,4.24,4.2,47.59,232.08,79.07,35.54,38.66,4.82,196.0,43.86,160.68,17.07,24.14,161.0,55.57,57.93
2021-04-30,417.3,8.64,131.46,54.45,53.83,337.99,236.48,81.62,100.3,11.54,39.84,36.26,463.0,150.1,36.5,40.53,173.37,23.04,53.98,36.9,252.18,224.89,23.72,27.96,4.12,57.53,61.82,87.44,21.72,7800.0,1.06,20.12,49.39,8.48,4.35,4.68,46.28,230.95,78.11,35.56,38.65,4.97,90.0,45.05,160.64,18.34,24.01,152.6,57.24,54.77
2021-05-07,422.12,7.66,130.21,56.15,51.9,334.2,224.12,78.81,95.1,11.82,36.94,37.78,406.0,148.12,33.0,42.18,164.58,19.75,54.69,36.93,252.46,225.39,24.29,26.76,4.34,57.67,54.7,87.33,22.0,6680.0,0.85,22.08,53.63,9.07,4.59,5.1,46.05,225.31,80.41,38.01,39.58,4.41,80.0,46.54,146.96,16.18,25.47,149.3,62.43,47.03
2021-05-14,416.58,7.07,127.45,59.65,47.99,326.39,196.58,74.59,129.8,11.84,33.42,37.88,425.0,142.43,30.0,42.36,161.15,20.08,52.95,31.93,248.15,221.02,24.35,27.2,4.51,55.35,52.99,87.21,22.4,6380.0,0.75,21.03,53.49,9.68,4.71,4.9,44.21,209.51,79.56,37.49,40.02,3.95,74.0,46.96,154.42,13.93,25.46,122.0,60.77,47.42
2021-05-21,414.94,7.55,125.43,59.05,48.22,327.01,193.63,77.17,120.8,13.33,34.06,37.58,438.0,149.92,31.5,42.4,160.15,20.75,53.14,34.14,245.17,219.97,22.67,27.17,4.5,56.08,56.61,87.11,22.57,6520.0,0.82,20.45,52.16,9.42,4.81,5.05,45.14,211.06,80.03,37.02,39.95,4.25,90.0,45.88,157.92,15.23,25.53,111.0,58.92,48.82
2021-05-28,420.04,9.7,124.61,55.35,51.29,333.93,208.41,80.08,261.2,14.53,38.62,37.99,361.6,162.45,32.0,42.39,161.15,22.95,54.87,38.78,249.68,225.5,22.23,29.56,4.7,57.12,62.12,87.18,24.24,6200.0,0.84,21.52,52.21,10.21,5.08,5.16,46.24,213.96,80.83,38.91,38.73,3.05,86.0,46.72,138.8,16.67,25.9,102.3,58.37,50.83
2021-06-04,422.6,10.9,125.89,54.35,51.99,335.6,199.68,81.58,479.1,15.97,41.94,38.47,341.4,175.78,33.5,43.27,160.31,24.03,55.99,39.74,250.79,227.4,22.11,30.54,5.23,57.37,61.0,87.27,24.3,6080.0,0.91,22.45,55.75,11.59,5.55,5.48,46.8,219.02,81.68,41.67,39.15,3.19,100.0,46.96,133.56,18.8,25.78,92.2,61.45,50.18
2021-06-11,424.31,10.5,127.35,51.65,54.61,341.24,203.3,81.31,494.0,15.28,45.68,37.56,300.4,178.25,34.5,41.86,167.34,24.67,55.29,39.49,257.89,231.7,22.15,29.93,5.25,57.85,64.09,87.62,23.53,6480.0,0.95,22.4,55.38,11.46,5.44,5.43,46.07,211.64,81.0,40.3,40.15,3.45,108.0,45.68,123.28,19.89,25.87,95.4,62.17,50.01
2021-06-18,414.92,9.23,130.46,50.9,55.19,342.63,207.77,84.65,592.6,14.52,46.91,35.23,358.9,186.39,32.0,38.78,174.35,25.37,54.23,37.32,259.43,222.13,21.64,28.18,5.23,55.67,63.17,87.43,22.29,5120.0,0.89,21.51,52.39,11.37,5.39,5.1,45.56,212.3,78.52,40.13,38.81,2.94,92.0,41.75,138.76,16.91,23.88,75.9,60.4,49.7
2021-06-25,426.61,9.7,133.11,47.7,58.76,349.46,223.96,85.62,540.6,15.19,45.07,36.93,275.4,190.31,33.5,41.62,170.07,26.78,55.5,40.66,265.02,232.28,21.82,28.13,5.12,55.91,67.67,87.93,22.22,5560.0,0.85,22.68,55.34,11.95,5.3,5.45,47.11,228.5,79.98,41.04,38.98,2.71,94.0,46.38,116.6,18.2,24.18,81.2,64.66,51.73
2021-07-02,433.72,9.0,139.96,44.1,63.36,358.64,226.3,94.7,519.6,14.93,50.4,36.94,271.3,204.87,33.5,41.15,175.55,24.44,54.78,43.32,277.65,229.19,22.08,26.06,4.88,56.76,68.49,88.06,21.48,7520.0,0.78,22.48,54.69,11.92,5.0,5.39,45.49,217.75,79.34,40.27,39.73,2.51,90.0,45.07,115.64,17.23,24.55,75.7,63.17,51.71
2021-07-09,435.52,8.91,145.11,43.2,64.57,361.01,218.98,90.9,461.9,14.48,45.53,36.71,279.6,200.5,28.5,40.04,185.97,23.29,53.55,41.77,277.94,226.38,21.49,24.26,4.58,55.99,65.81,88.0,20.89,11640.0,0.74,22.42,52.85,10.89,4.69,5.47,44.15,205.94,79.56,38.62,39.61,2.45,82.0,43.91,117.72,16.17,24.19,66.0,61.23,49.07
2021-07-16,431.34,8.12,146.39,44.4,62.76,357.6,214.74,85.89,349.6,13.61,42.8,36.12,293.6,181.61,25.0,37.92,178.68,21.37,53.59,36.76,280.75,214.95,21.4,20.92,4.65,54.97,59.31,87.67,19.79,13080.0,0.61,22.07,48.68,10.68,4.73,5.68,44.4,212.1,78.32,39.29,40.35,2.03,80.0,44.28,122.2,13.91,23.77,64.6,57.32,46.19
2021-07-23,439.94,7.97,148.56,40.6,68.28,368.2,214.46,92.15,369.9,13.82,43.99,36.26,286.8,195.58,24.0,37.7,182.83,21.81,52.51,41.55,289.67,219.55,21.26,21.96,4.55,53.0,77.97,87.95,21.2,9720.0,0.63,21.95,48.52,10.54,4.57,5.75,42.78,206.53,79.22,38.36,41.68,2.01,80.0,44.59,121.32,13.59,23.35,29.3,57.04,47.46
2021-07-30,438.51,8.25,145.86,41.7,66.37,364.57,229.07,106.19,370.2,13.95,44.68,36.52,285.4,194.99,22.5,38.36,166.38,21.71,51.6,44.39,284.91,221.05,21.19,21.65,4.76,53.72,74.42,87.84,20.38,10520.0,0.61,21.02,49.39,10.67,4.67,6.08,40.54,195.19,79.49,37.4,42.81,2.08,74.0,45.94,120.84,14.61,23.63,21.7,57.57,43.46
2021-08-06,442.49,8.05,146.14,40.5,68.21,368.05,233.03,110.11,327.0,13.8,43.84,37.86,257.9,203.66,23.0,40.15,167.25,21.82,51.94,46.63,289.46,223.39,21.12,23.08,4.81,53.92,75.98,87.38,21.02,12880.0,0.59,20.94,49.51,11.18,4.55,6.1,40.42,196.39,80.31,37.57,45.07,2.3,84.0,48.77,113.2,14.42,22.52,21.0,57.86,44.28
2021-08-13,445.92,7.5,149.1,40.25,68.57,368.82,239.06,110.55,334.7,13.59,41.03,38.58,230.2,201.88,21.5,41.63,164.7,24.9,51.73,43.48,292.85,221.13,21.29,22.86,4.81,53.49,74.62,87.46,19.84,10640.0,0.48,20.64,49.42,11.34,4.47,6.12,41.35,188.62,81.42,36.99,48.48,2.14,80.0,50.37,105.12,13.3,21.97,19.7,56.77,42.22
2021-08-20,443.36,6.97,148.19,40.5,67.9,367.73,226.75,104.65,344.1,12.57,36.92,37.69,249.0,208.16,17.5,40.37,160.0,24.01,49.5,40.43,304.36,215.52,20.82,21.96,4.54,52.01,72.72,87.29,18.5,9000.0,0.47,18.23,45.89,10.1,4.23,5.9,38.67,157.96,79.45,34.86,48.72,1.91,72.0,47.42,111.04,12.83,21.35,18.2,52.74,39.95
2021-08-27,450.25,7.62,148.6,37.85,72.55,376.04,237.31,111.4,408.4,13.31,38.05,39.0,223.1,226.36,24.5,42.49,167.48,25.71,51.59,47.3,299.72,226.41,20.49,24.35,4.86,53.89,73.12,87.96,20.22,9680.0,0.63,19.44,49.31,11.21,4.5,6.03,40.14,159.47,80.7,36.98,46.6,2.25,78.0,49.81,103.4,13.42,22.33,20.0,55.77,40.69
2021-09-03,453.08,7.75,154.3,36.15,75.72,381.57,244.52,109.92,440.2,12.89,40.37,38.07,212.4,228.43,41.5,41.05,173.9,26.64,53.12,47.24,301.14,227.96,20.82,22.96,4.67,53.51,75.08,88.01,19.37,10360.0,0.6,19.08,48.62,10.45,4.27,6.04,41.47,170.3,82.07,35.85,46.84,2.29,82.0,44.17,99.76,13.59,22.88,23.6,54.87,40.32
2021-09-10,445.44,7.22,148.97,37.65,72.78,376.59,245.42,105.2,501.6,12.68,37.98,37.58,238.6,224.78,76.0,40.27,173.46,26.28,52.49,46.59,295.71,221.62,20.53,22.75,4.46,53.84,74.5,87.83,18.95,8880.0,0.6,18.03,47.79,9.94,4.0,5.83,41.57,168.1,81.16,34.6,45.59,2.16,114.0,44.33,108.24,12.41,21.99,21.0,53.98,39.89
2021-09-17,441.4,7.25,146.06,38.4,71.12,373.83,253.16,103.88,442.0,13.55,37.51,37.58,234.8,219.0,84.5,40.5,173.13,28.71,51.37,46.75,299.87,222.48,20.79,23.55,4.32,54.26,74.76,88.0,19.73,8200.0,0.52,16.31,49.32,9.71,3.79,5.5,39.92,160.05,80.5,33.3,43.89,2.55,46.0,46.47,107.24,12.17,20.74,19.0,55.16,39.75
2021-09-24,443.91,6.73,146.92,38.2,70.89,373.33,258.13,105.8,400.1,13.78,35.38,38.22,204.9,220.81,102.0,42.14,171.28,28.56,50.78,47.95,299.35,223.05,20.49,25.44,4.35,54.22,83.11,87.91,21.39,8000.0,0.52,14.49,50.9,10.3,3.8,5.58,38.24,145.08,80.3,33.43,43.94,2.55,42.0,47.92,98.32,11.67,20.71,18.7,57.59,46.63
2021-10-01,434.24,6.7,142.65,42.35,63.42,360.18,258.41,102.45,384.6,14.16,35.38,38.15,232.1,207.42,162.5,43.08,164.16,24.33,50.33,40.07,289.1,222.28,20.51,26.09,4.54,53.86,75.25,87.41,21.65,7600.0,0.57,14.2,53.84,10.74,3.99,5.46,38.62,144.2,78.2,33.08,42.93,2.5,70.0,47.02,107.28,11.15,20.83,20.9,60.93,47.05
2021-10-08,437.86,6.8,142.9,41.85,63.74,361.16,261.83,105.06,371.9,15.12,35.83,39.02,205.9,208.31,85.5,44.34,164.43,23.5,50.82,39.33,294.85,221.58,20.22,23.83,4.44,53.81,75.0,86.76,20.07,6600.0,0.51,14.57,56.57,10.82,3.81,5.8,39.95,161.52,77.98,32.48,42.45,2.3,72.0,48.0,99.16,10.49,20.95,21.4,62.18,47.77
2021-10-15,445.87,6.56,144.84,39.05,67.86,368.94,281.01,112.12,407.4,15.7,37.71,39.51,181.7,218.62,68.5,46.37,170.45,24.0,51.94,41.84,304.21,225.16,19.41,23.67,4.51,54.46,77.34,87.22,19.98,6800.0,0.5,14.78,57.33,11.09,3.91,5.9,40.7,168.0,79.98,33.26,41.49,2.38,68.0,48.38,91.16,10.24,21.58,23.8,62.59,48.36
2021-10-22,453.12,6.6,148.69,37.4,70.64,374.1,303.23,119.82,366.0,16.28,38.88,40.62,167.8,227.26,72.0,47.57,166.78,24.43,52.04,44.05,309.16,227.41,19.25,22.29,4.13,49.46,55.14,86.84,19.15,6000.0,0.5,13.52,57.95,9.95,3.6,5.88,42.2,177.7,80.5,30.08,43.16,2.42,60.0,50.66,86.8,11.08,22.54,23.9,63.12,45.51
2021-10-29,459.25,6.5,149.8,33.95,77.58,386.11,371.33,120.23,353.7,17.08,39.41,40.26,164.4,255.67,65.0,47.78,168.62,25.88,50.92,47.65,331.62,228.05,19.08,22.16,4.07,49.0,52.58,86.93,19.2,7520.0,0.51,12.73,57.47,9.82,3.5,5.68,40.33,164.94,80.49,29.32,43.74,2.35,72.0,51.16,85.76,10.3,22.09,20.5,64.47,43.82
2021-11-05,468.53,6.43,151.28,30.85,85.28,398.6,407.36,136.34,417.0,19.29,42.29,40.02,157.5,297.52,66.0,46.97,175.95,26.0,50.92,60.91,336.06,241.81,18.96,24.79,4.1,50.92,53.17,87.5,21.82,7100.0,0.53,11.61,58.26,9.72,3.61,5.77,39.34,158.73,81.83,29.95,48.61,2.34,70.0,50.44,83.32,10.7,22.35,20.4,65.02,47.19
2021-11-12,467.27,9.2,149.99,31.6,82.72,394.7,344.47,147.89,400.0,19.5,42.67,40.15,152.4,303.9,54.5,46.91,176.26,22.83,52.0,63.35,336.72,239.5,18.84,22.36,4.19,50.31,53.7,86.85,20.29,6520.0,0.54,12.55,57.55,10.23,3.85,5.68,41.42,166.81,81.38,30.86,49.73,2.27,66.0,50.96,81.44,12.94,23.42,22.0,63.82,45.12
2021-11-19,468.89,7.31,160.55,29.45,88.57,403.99,379.02,155.41,408.7,19.39,38.66,39.02,159.3,329.85,60.5,45.4,183.83,21.41,50.92,68.61,343.11,232.72,18.23,20.49,3.93,49.52,51.32,86.56,19.28,5480.0,0.48,11.45,54.67,9.74,3.67,5.81,40.51,140.34,80.34,29.17,50.8,2.0,54.0,48.82,83.84,10.93,22.75,21.9,60.67,44.23
2021-11-26,458.97,6.54,156.81,32.3,80.42,391.2,360.64,154.81,376.3,19.75,39.99,38.77,211.8,315.03,68.5,45.76,175.23,21.03,48.7,61.37,329.68,222.85,18.29,17.95,4.03,48.78,49.76,85.47,17.75,5560.0,0.43,12.37,55.58,10.47,3.65,5.55,38.77,133.35,77.13,29.38,54.0,1.96,54.0,48.43,104.64,10.57,21.37,22.3,61.25,40.52
2021-12-03,453.42,5.64,161.84,34.1,75.04,383.13,338.32,144.01,290.1,19.14,32.15,38.03,235.0,306.93,51.0,43.87,169.49,18.98,48.92,62.93,323.01,214.71,17.72,17.2,3.98,49.25,46.79,86.0,16.62,4360.0,0.33,12.73,55.14,10.63,3.63,5.66,37.47,111.96,77.03,29.77,54.27,1.72,44.0,47.75,111.84,8.95,20.85,18.7,60.89,35.85
2021-12-10,470.74,5.86,179.45,30.15,83.74,398.01,339.01,138.55,274.4,21.45,34.26,39.05,149.2,301.98,55.0,44.52,172.21,18.94,50.08,67.6,342.54,219.91,17.25,19.28,3.88,50.59,50.82,86.63,18.01,4960.0,0.36,13.52,57.24,11.27,3.56,6.02,38.86,125.06,79.07,30.68,52.78,1.72,50.0,50.2,83.12,8.62,20.5,23.0,63.01,36.67
2021-12-17,459.87,6.04,171.14,33.0,75.4,384.91,310.86,137.75,291.2,19.77,30.0,38.59,161.0,278.01,52.5,43.88,170.02,19.06,48.16,58.96,323.8,215.14,17.96,18.28,3.7,50.62,45.29,86.37,16.95,4320.0,0.36,14.0,54.37,10.79,3.48,6.01,36.34,122.1,76.65,28.29,59.48,1.57,46.0,47.95,87.88,7.98,20.68,21.6,60.03,39.68
2021-12-24,470.6,6.7,176.28,29.9,82.74,396.92,355.67,146.14,285.2,20.25,30.52,38.82,141.5,296.4,44.0,44.42,171.07,18.93,48.72,67.41,334.69,222.04,18.78,21.2,3.74,51.31,48.68,87.16,18.26,4280.0,0.35,13.91,54.9,10.79,3.38,6.19,36.63,118.66,78.51,27.75,58.71,1.6,46.0,48.36,80.72,7.84,21.16,20.5,61.02,43.91
2021-12-31,474.96,5.78,177.57,29.7,83.17,397.85,352.26,143.9,272.0,20.77,31.68,39.05,124.3,294.11,42.5,44.49,166.72,18.21,48.85,68.01,336.32,222.45,18.58,20.12,3.75,51.5,47.03,87.01,17.96,3508.0,0.31,14.02,55.5,10.98,3.42,6.22,36.58,118.79,78.68,28.07,59.05,1.42,44.0,47.98,74.12,7.03,21.51,21.0,61.19,41.93
2022-01-07,466.09,5.96,172.17,33.7,72.04,379.86,342.32,132.0,229.9,24.44,29.3,41.17,126.7,272.47,41.0,49.18,162.55,16.56,48.89,59.74,314.04,216.07,19.86,21.9,3.98,53.44,41.36,85.87,19.28,2804.0,0.32,14.81,61.34,11.01,3.57,6.1,36.63,129.81,78.77,27.27,55.72,1.39,52.0,54.77,75.28,6.42,20.62,18.6,68.88,41.51
2022-01-14,464.72,5.64,173.07,33.5,71.87,380.01,349.87,136.88,205.7,25.19,30.95,40.83,122.8,269.42,37.5,47.91,162.14,16.01,50.11,64.48,310.2,214.31,20.53,22.95,4.25,55.7,38.04,86.09,18.49,2032.0,0.35,15.38,64.51,12.61,3.77,5.93,38.12,131.57,79.0,29.11,54.95,1.35,44.0,58.06,73.8,6.86,21.2,18.1,71.87,41.51
2022-01-21,437.98,4.78,162.41,41.79,56.67,351.69,314.63,118.81,179.7,20.65,27.35,38.2,172.0,233.74,27.5,44.92,142.64,13.53,49.0,43.71,296.03,196.99,20.1,19.99,4.22,52.04,32.12,85.44,16.3,1592.0,0.3,15.6,62.45,12.67,3.82,5.51,38.26,123.23,76.34,29.92,52.79,1.13,40.0,53.67,92.8,5.79,22.38,15.7,72.17,35.94
2022-01-28,441.95,4.53,170.33,41.32,56.37,351.8,282.12,105.24,150.6,19.54,20.9,38.72,169.5,228.4,28.0,45.87,143.98,12.71,47.29,38.41,308.26,195.25,19.04,18.97,4.56,47.73,30.42,84.68,15.64,2516.0,0.29,15.58,65.63,13.38,4.16,5.72,36.2,115.23,74.73,31.15,54.33,1.14,40.0,54.19,91.8,5.48,20.71,13.3,75.28,35.21
2022-02-04,448.7,5.3,172.39,38.55,58.7,358.01,307.77,123.6,153.5,17.96,23.96,40.1,146.4,243.19,28.0,48.28,157.64,12.94,48.66,43.46,305.94,198.38,18.19,19.96,4.75,48.01,38.91,83.77,16.45,3232.0,0.31,16.55,68.9,13.56,4.29,5.71,37.98,122.22,76.07,31.68,53.0,1.21,40.0,56.33,84.0,5.95,20.79,14.7,81.41,37.05
2022-02-11,440.46,6.63,168.64,41.62,53.28,347.06,286.67,113.18,188.1,17.55,24.1,40.11,166.6,239.49,26.5,47.92,153.29,13.13,48.72,39.54,295.04,201.38,18.23,22.04,5.0,47.63,39.49,82.66,17.61,2652.0,0.29,17.54,70.41,14.19,4.0,5.54,37.65,122.25,75.68,32.52,50.78,1.9,40.0,58.31,92.96,7.12,21.83,15.2,80.21,35.29
2022-02-18,434.23,5.75,167.3,43.29,50.44,341.51,285.66,113.83,179.0,18.04,23.21,39.22,170.1,236.42,25.0,45.96,152.6,11.02,48.72,39.63,287.93,199.47,18.03,22.17,5.06,45.04,38.01,82.89,17.87,3144.0,0.36,16.64,68.05,14.01,4.12,5.66,36.71,118.99,75.3,32.92,48.53,1.65,38.0,55.63,93.8,6.39,22.12,15.2,77.36,34.68
2022-02-25,437.75,5.11,164.85,41.17,51.91,345.77,269.96,121.06,176.6,17.83,20.94,39.1,163.7,241.57,34.5,45.02,153.79,11.47,47.35,41.78,297.31,202.5,18.06,21.1,4.87,47.71,39.15,83.61,17.46,2744.0,0.35,17.82,68.88,14.19,3.91,5.44,35.22,107.94,74.64,33.06,47.72,1.57,34.0,54.11,91.8,6.06,22.4,14.1,77.84,34.98
2022-03-04,432.17,4.99,163.17,44.11,48.09,337.3,279.43,108.41,165.7,16.85,18.63,37.23,198.5,229.36,39.0,40.95,145.64,10.96,44.62,34.77,289.86,198.66,18.03,17.23,4.84,48.07,33.09,82.54,14.59,2548.0,0.34,20.15,75.23,14.51,3.88,4.8,32.97,100.6,69.03,34.29,48.65,1.63,34.0,48.79,104.8,5.24,23.64,11.9,84.09,29.83
2022-03-11,420.07,4.75,154.73,48.54,42.34,324.4,265.12,104.29,143.0,16.04,16.07,36.4,199.2,221.0,46.0,40.33,145.52,11.39,42.57,30.69,280.07,196.73,17.52,17.21,4.85,45.83,30.05,80.93,14.02,2292.0,0.3,19.07,76.85,13.76,4.03,4.81,29.07,86.71,68.65,33.37,50.27,1.78,28.0,48.47,105.36,5.19,23.87,10.2,84.92,30.76
2022-03-18,444.52,5.22,163.98,37.49,53.17,351.49,301.8,113.46,158.0,16.86,20.86,39.0,153.3,264.53,41.5,42.9,161.25,12.82,45.36,39.17,300.43,207.27,17.54,19.46,5.22,47.45,36.0,82.53,16.75,2008.0,0.34,19.06,73.88,13.26,4.18,5.33,33.17,108.3,73.77,34.65,54.51,1.7,34.0,51.42,100.0,5.51,23.02,12.8,78.67,33.36
2022-03-25,452.69,8.12,174.72,34.65,56.93,359.35,336.88,119.67,202.4,16.47,19.91,39.52,135.9,276.92,43.5,43.73,164.77,12.97,45.05,42.01,303.68,206.12,18.01,18.39,5.72,51.83,35.4,81.32,17.01,1624.0,0.33,19.94,78.75,14.69,4.64,5.37,32.12,112.99,73.76,37.69,52.78,1.73,32.0,52.56,100.8,8.56,23.48,12.6,85.2,34.06
2022-04-01,452.92,7.0,174.31,33.78,57.93,361.85,361.53,108.19,233.0,16.65,21.93,38.22,127.5,267.12,41.5,40.9,163.56,13.83,45.9,36.29,309.42,207.57,18.11,20.05,5.85,48.11,37.39,81.95,18.24,1704.0,0.33,20.83,77.06,15.1,4.67,5.55,33.2,110.2,74.29,39.14,51.57,1.8,30.0,48.71,100.12,7.48,22.74,12.1,83.12,35.98
2022-04-08,447.57,5.6,170.09,37.2,51.84,349.15,341.83,101.0,182.4,15.05,20.0,37.89,131.0,231.19,38.0,39.67,154.46,12.7,44.93,28.29,296.97,197.87,18.23,18.34,5.58,47.02,35.67,80.24,16.59,1436.0,0.31,20.1,79.53,15.69,4.49,5.37,32.28,103.53,72.89,37.86,55.17,1.66,28.0,48.73,98.68,6.4,22.82,12.03,86.84,32.05
2022-04-15,437.79,5.31,165.29,40.54,47.0,338.43,328.33,93.06,180.2,15.48,19.65,36.89,133.4,212.58,43.5,37.57,151.71,12.42,44.23,25.61,279.83,198.96,19.54,19.56,5.54,45.67,33.19,80.24,19.0,1400.0,0.31,19.48,79.85,14.71,4.5,5.11,31.64,95.49,72.02,37.24,53.12,2.35,26.0,46.35,99.96,6.02,23.64,11.08,87.83,32.68
2022-04-22,426.04,5.21,161.79,45.14,41.51,325.4,335.02,88.14,165.2,15.13,17.18,36.17,153.9,195.15,41.5,37.56,144.35,11.96,42.38,24.45,274.03,192.68,19.52,18.84,5.27,46.54,29.76,79.26,20.18,1440.0,0.26,16.7,76.2,13.88,3.93,5.14,29.51,86.49,70.47,34.75,48.13,2.23,26.0,46.34,104.6,5.24,22.31,10.23,85.13,30.83
2022-04-29,412.0,4.69,157.65,49.03,36.53,313.25,290.25,85.52,153.0,14.16,16.7,34.51,182.7,185.47,39.5,35.68,124.28,10.4,42.38,22.24,277.52,184.95,18.86,17.3,4.79,43.59,28.46,78.53,18.77,1316.0,0.25,16.89,75.15,13.57,3.6,5.04,30.94,97.09,68.64,32.77,49.07,1.87,24.0,43.63,110.84,4.98,21.04,12.55,85.25,31.48
2022-05-06,411.34,4.55,157.28,49.81,34.61,309.25,288.55,95.34,137.6,14.21,14.92,34.74,173.8,186.75,38.5,37.45,114.77,9.48,40.93,23.35,274.73,182.58,20.03,15.92,4.65,44.3,24.92,77.59,17.84,1152.0,0.24,15.72,82.92,14.08,3.55,4.96,29.07,90.05,67.27,31.34,49.04,1.92,20.0,44.55,108.28,4.74,20.66,12.2,91.69,26.07
2022-05-13,401.72,3.84,147.11,52.44,31.63,301.94,256.53,95.12,118.1,13.5,14.31,33.53,161.1,177.06,34.0,35.17,113.06,8.34,40.49,22.49,261.12,178.07,19.84,14.28,4.85,43.6,24.75,76.81,16.58,1268.0,0.22,15.42,80.78,14.51,3.78,4.88,29.61,87.99,66.99,31.89,49.92,1.9,20.0,42.64,103.88,4.54,19.42,11.08,88.86,24.39
2022-05-20,389.63,4.16,137.59,58.73,27.34,288.68,221.3,93.5,120.3,12.5,16.44,32.92,160.1,166.94,39.0,33.86,107.59,8.08,41.14,20.36,252.56,176.08,20.4,13.13,5.09,41.65,23.26,76.46,16.26,1084.0,0.22,16.72,81.77,15.42,3.99,4.83,30.42,86.79,67.77,33.62,52.47,1.93,16.0,41.67,100.2,4.72,20.07,12.48,91.86,23.35
2022-05-27,415.26,3.89,149.64,47.01,33.29,309.1,253.21,102.26,144.3,13.63,16.57,35.57,142.1,188.11,33.0,37.02,115.15,8.85,42.05,25.26,273.24,187.64,21.29,13.97,5.46,44.55,15.58,80.19,18.13,880.0,0.24,18.09,88.53,14.26,4.29,5.14,30.94,93.41,70.43,35.72,53.91,1.95,12.0,45.89,89.84,4.55,20.36,11.92,97.59,23.67
2022-06-03,410.54,3.77,145.38,47.96,32.14,306.2,234.52,106.3,124.5,13.5,18.08,34.87,134.6,187.2,32.0,36.19,122.35,8.94,42.37,23.93,270.02,187.06,20.9,13.51,5.33,43.39,14.49,78.64,16.22,852.0,0.25,18.54,89.51,14.18,4.1,5.04,31.87,93.21,69.7,35.24,53.2,1.96,9.2,44.82,87.56,4.2,20.23,12.85,99.09,24.15
2022-06-10,410.54,4.346478133016087,145.38,47.96,32.14,306.2,234.52,106.3,119.8674146918285,13.411860626076763,18.08,34.87,138.38810628057118,186.9938372734252,32.0,36.19,122.35,8.898037833163327,42.08958361549749,23.93,270.02,187.06,20.9,14.053635423730642,5.33,42.26435475145831,14.49,78.88148820245637,16.22,852.0,0.2789356265646161,18.363934757501276,89.09550716368258,14.18,4.1,5.04,32.09754180843501,94.17273977882824,69.7,35.24,53.2,1.96,9.2,44.82,88.83874382654501,4.5858002152202815,20.341783589781194,11.057462215204236,99.38600701571619,24.524642650305374
2022-06-17,389.8,3.907965747167184,137.13,56.52,26.789999999999996,288.84,232.23,94.82,124.25330445416054,12.60781173513278,18.14,32.53,144.456893173943,165.7665992791732,27.0,33.17,109.65,8.066637436438716,41.11873580354094,18.81,252.99000000000004,178.59,20.69,11.579779856895136,4.77,39.66772237814674,13.28,75.880681841772,14.710000000000003,648.0,0.28746819882442576,16.74633083358145,90.06429142521425,13.210000000000003,3.78,4.7,32.956379436769495,110.80900628233165,64.69,30.529999999999998,49.97,1.69,8.96,40.08,91.96481877771984,3.6386803838646964,20.129609318088978,14.913402419063729,101.8198669111981,24.063822501675933
2022-06-24,365.86,3.743544399510352,131.56,63.96,22.67,274.69,216.76,81.57,125.53351716800447,10.964957506087028,20.77,30.93,155.89285509038496,156.22349463988505,23.5,31.920000000000005,106.22,8.292422202521987,39.93577875767692,13.7,247.65,165.18,19.38,10.073814844354425,4.49,39.29056966232773,12.42,73.93296330471927,12.94,564.0,0.27718408024048863,14.856029059410584,74.5184067818067,11.61,3.55,4.59,32.44544177076632,103.21122729907559,61.480000000000004,27.92,46.53,1.45,8.32,38.48,96.68077849196432,3.6877303418456093,20.007892555978444,20.766383262991095,88.13655891679753,22.217367742761464
2022-07-01,390.08,4.398702690364315,141.66,51.01,27.98,294.61,245.71,87.08,124.55986905637249,11.844811488691466,24.08,32.34,147.33425647884675,174.06211749464023,21.5,32.31,116.46,10.771066731609555,40.53804095765786,15.81,267.7,175.09,20.99,11.313130645356097,4.39,38.21401360823872,14.7,74.80019166573932,13.9,616.0,0.2984400973044965,14.245336739117434,75.69487762165383,10.95,3.37,4.81,34.036672616926715,118.55156543345413,63.77,27.2,51.59,1.5,8.88,40.76,93.48783657652682,3.8616307034408726,19.48700186730049,17.763986116849253,90.30982638736371,23.69616031819236
2022-07-08,381.24,3.884424980311083,138.93,57.62,24.39,282.13,227.26,73.67,137.77561487765533,11.113630581879793,21.36,31.879999999999995,141.89559665715882,139.97665995549238,19.0,31.559999999999995,109.56,8.840887903673279,39.880689384777305,11.6,259.58,171.41,21.31,9.241202474892892,4.25,35.420834355023985,13.17,73.88650332491557,13.13,460.0,0.21794899904531084,13.965386197627506,73.46154389222937,11.76,3.23,4.66,34.131378770404005,116.92425562140667,62.64,27.07,52.31,1.33,8.4,39.92,90.934546888538,3.2118070642276253,18.279404538576255,18.525713384281563,88.09943797216472,21.471522380542353
2022-07-15,388.67,3.9012561189228707,147.04,50.04,27.89,295.35,250.76,79.35,149.2458717106204,11.454988781761887,22.6,32.08,133.3793138942089,160.6478263099602,20.5,31.79,115.54,10.529860892582853,39.96996964080093,13.91,267.66,175.59,20.8,9.408894068746733,4.29,40.33034010457661,14.96,74.62250149875854,13.97,428.0,0.34068432668307125,13.800183727904923,71.1548099880029,11.79,3.25,4.65,33.811950581847796,121.78368344481733,62.35,27.54,53.17,1.36,8.96,40.18000000000001,88.6400632278949,4.06655971513732,18.06963987586664,22.773790758272092,86.7866929420554,22.983722944261366
2022-07-22,385.13,3.7248235904291995,150.17,51.64,26.79,291.87,240.07,81.11,155.36488766480153,11.74603402880683,20.72,31.78,126.9331393511678,157.49074693261397,18.5,32.25,113.55,8.65574541441838,38.82448123965005,15.11,256.72,173.09,20.57,9.559104581807988,4.13,38.1218292443199,13.65,75.28665310583827,14.47,404.0,0.2383630007752019,11.900408219008446,69.14266053094292,11.23,3.02,4.61,31.247414838132247,103.42287172816509,61.4,25.93,51.75,1.37,8.64,41.13,86.70782689118964,3.3777897483793202,17.158928640437935,20.346326782737464,85.51184223536313,21.78711895988698
2022-07-29,395.09,3.645193639563584,154.09,46.08,29.53,301.99,272.24,88.1,155.30486264111502,12.75413522782836,19.240000000000002,32.75,119.79021029652675,175.82662333517035,20.0,33.43,122.42,10.131853374406361,39.27979321470312,17.65,260.36,179.51,18.4,9.62086280262092,4.19,38.698780036999565,9.96,76.66215675763004,13.68,612.0,0.2991453598956047,12.11068844439039,72.1564477618243,11.64,3.06,5.1,31.51067227618106,101.57832066198368,63.4,26.05,51.23,1.5,9.04,43.17,85.77753431256322,3.9613536372012796,17.381373094759912,21.47672503475738,87.78485568801719,23.74540474689412
2022-08-05,411.99,2.848572816775544,162.51,39.83,33.36,315.46,297.15,94.47,143.39605598948648,14.724046411586595,19.73,33.71,108.21160930706536,183.10497820961373,19.5,33.81,134.95,10.404407685104701,39.624932269953696,19.83,280.74,187.25,18.78,9.402985700550715,4.5,37.75073947038142,9.88,78.0417156366341,13.71,284.0,0.2998995573389249,13.259128760684309,78.99382369591963,14.28,3.32,5.18,30.590208256186827,90.3405141103594,65.72,29.02,50.51,1.6,8.64,43.87,84.18751317593399,3.876530557761252,18.951890077174923,26.651760962384685,96.74965289242179,23.454689347307774
2022-08-12,413.47,3.078722623038842,165.35,37.38,35.29,321.75,288.17,102.31,239.31983871664093,15.358826829808258,20.22,33.69,101.53724513146068,191.36182834374588,18.0,33.96,140.8,11.713307242651164,39.6901933570818,21.56,282.91,190.8,18.35,10.151395453488298,4.79,35.96260997877703,10.18,77.92938765366057,14.74,308.0,0.404285748111178,12.661419202235868,71.90858257592458,14.45,3.5700000000000003,5.26,30.345497614060708,93.51277022365257,65.01,29.75,49.27,1.7000000000000002,9.28,43.76,85.38753159858459,4.239199202350572,17.805158966537697,25.16666875772635,88.52301872183088,32.41434308439136
2022-08-19,427.1,3.483660307165,172.1,34.29,37.98,330.39,300.03,100.83,249.64828218587562,16.26787254358147,21.11,35.56,94.1840450979712,186.59686743256088,18.5,36.3,143.55,9.475371500232274,40.43548590542951,21.6,291.91,200.36,18.27,11.037389098464432,5.21,35.66012003783331,11.62,78.81349180562682,15.25,292.0,0.3733548898984217,13.260663709043126,79.7517865658134,13.62,3.79,5.21,30.440096955880197,95.70357218781079,66.76,31.99,50.11,1.74,9.28,45.94,87.31474028922787,4.288008068797025,19.531287298001246,23.38940653184777,95.01079668920715,31.693515178669575
2022-08-26,422.14,3.3795125062155797,171.52,36.66,35.35,322.86,296.67,95.95,165.88199439455025,15.960886609191338,19.05,34.96000000000001,93.61696188237867,176.96367479397568,18.0,35.48,138.23,8.271786001891902,39.62409265741553,19.17,286.15,194.65,18.43,10.180857467964522,5.1,35.92185188294357,11.56,76.93404113620376,14.169999999999998,248.0,0.24518204134743143,12.630772856916629,79.17067879866478,13.66,3.76,5.04,29.377973114371553,90.55172413044656,64.69,31.17,49.15,1.58,8.56,45.35,85.25040958902198,3.9802283214388567,17.143333709464635,21.922223120275422,94.11903697652986,29.257914473348677
2022-09-02,405.31,3.410528438337212,163.62,41.86,30.24,307.44,288.09,91.18,69.56781339845108,15.473203320942854,19.92,33.72,100.50519941537839,159.66409106933125,17.5,34.03,130.75,7.856280029010829,39.68505989943113,15.979999999999999,268.09,188.98,17.89,10.269593156573258,5.19,33.912112896227434,10.67,75.70150064976819,13.74,222.0,0.3795617568310873,13.327393206313172,83.23746789423018,14.74,3.79,4.87,30.891848771112212,98.90405125933123,62.709999999999994,32.01,46.82,1.44,8.240000000000002,43.97,81.75076617633931,4.241752544830169,17.775800240664047,27.473308051335408,98.00495809863591,29.22223094356958
2022-09-09,392.24,3.1538096762539527,155.81,47.23,26.68,295.17,270.21,80.24,88.10158089744284,15.213433262142736,17.73,32.89,101.81570449690616,131.08375919959735,15.999999999999998,33.43,127.51,7.284556973467006,38.748698323977166,12.86,256.06000000000006,180.09,17.19,9.66143130475881,5.07,31.313781387915256,11.22,74.16636858396556,12.99,173.6,0.20274170182383977,11.982085482146843,80.14573683677133,14.44,3.68,4.93,29.45408466829371,92.70040409151648,60.47,30.869999999999997,45.7,1.3,6.640000000000001,43.38,77.70811923999376,3.4254331079126255,16.506243032380098,25.327444908507005,96.3846930573396,29.41455451623402
2022-09-16,406.6,3.194302053189486,157.37,41.84,29.84,307.09,299.68,85.45,99.22204664664976,15.4829907159376,19.16,34.36,95.91723251741692,145.25726672604927,16.5,34.94,133.27,7.917362197576051,38.847316830362736,14.65,264.46,187.4,17.03,10.679065159622487,5.17,32.01883705012728,12.65,75.62016404653063,14.19,175.4,0.2984809229578033,13.361915125042788,81.52652864725322,13.8,3.74,5.07,29.55928980385599,93.02419641513671,62.44,31.49,47.84,1.37,6.4,45.33,74.80484963919409,3.8485238575175464,17.511836367053334,25.21892438793908,97.40072368247529,32.03345716008088
2022-09-23,385.56,3.090877945255687,150.7,49.12,24.6,289.32,303.35,76.51,88.02165209484194,14.756648416558265,20.15,33.06,101.17535616850172,129.81606431416273,13.0,34.12,123.53,7.745464516811171,37.906663519276,12.06,244.74,178.99,16.74,11.028202800429066,5.05,29.05715328646391,11.3,74.15300627103007,13.75,145.6,0.2519000560286081,13.016509748435006,78.95122009167544,13.1,3.58,4.63,28.177068174372607,87.30443297335539,60.4,30.0,46.03,1.29,5.76,43.94,77.93764427795574,3.2678834022838545,17.864412133871166,22.477322512296958,94.48556722752768,31.7806022179063
2022-09-30,367.95,2.768675640171437,150.43,56.26,21.31,275.51,275.33,67.96,77.51733741088559,12.244218897507233,17.64,31.050000000000004,112.5663638247363,123.89777372670424,10.0,31.73,113.78,7.312870718399597,36.43501481898358,10.03,237.92,167.31,16.01,9.224565573036518,5.369999999999999,27.94947242150827,10.32,72.01576861004065,12.21,97.99999999999999,0.21785730741869552,12.720904897355279,71.20264533293798,12.55,3.82,4.26,26.79084317820594,79.65970194499549,56.76,30.74,44.08,1.09,4.5600000000000005,40.41,78.81223460853579,2.9735103407994083,17.263676350659228,20.11059101840784,87.87840750423776,28.12182842921188
2022-10-07,357.18,2.6449472014789674,138.2,61.32,19.32,267.26,265.25,63.36,67.24055395224615,11.074790885963722,15.770000000000001,30.36,123.13213779377503,120.68862155896076,10.0,30.2,113.0,8.335270767351073,35.37159871497166,8.86,232.9,164.92,15.34,7.297825115303406,5.17,26.130889150272655,9.82,71.22262992438739,12.04,90.6,0.2593410357791313,13.39843005852041,73.41798540510091,12.34,3.68,4.27,26.0336810251404,80.8351018843593,56.01,29.63,43.76,1.12,4.48,40.22,83.10474407777689,3.1127453531451055,17.59855394561943,22.873206271126776,88.43413372729,27.441744912367305
2022-10-14,362.79,2.631167881618057,140.09,59.07,19.5,269.1,223.06999999999996,58.44,64.23846497115812,12.142329798100508,13.76,30.89,125.54146881825547,120.64278907618701,11.5,30.75,114.56,8.10374199212588,35.796782513921,9.21,234.24,168.61,14.94,7.01750048481475,5.56,25.871402472374808,10.66,71.93725846860609,12.18,74.6,0.22379346674144712,14.483078591197913,82.00322957209676,14.349999999999998,3.95,4.42,26.54156597553842,82.07099562965735,56.83,32.46,42.32,1.16,4.4,41.79,83.38750529242101,3.361760696843003,18.483294379529692,24.34087982221745,99.46129412437898,28.588923369099323
2022-10-21,357.63,2.590671852166654,138.38,64.38,17.57,260.74,204.99,55.94,58.72065038428735,11.589394399727645,11.75,31.010000000000005,129.23418862623197,110.68786080107073,8.0,31.7,106.9,7.385710751245772,34.543367095168016,6.93,228.56,166.81,14.99,7.380717751192353,5.34,26.054019894449524,9.99,71.35099512468697,13.11,72.0,0.23292119751647591,13.010504371367269,78.90890352309867,13.95,3.71,4.45,24.32217415315087,73.83361432791544,56.01,30.609999999999996,42.86,1.1,4.48,43.17,85.04092887078349,3.24905370473267,16.618666926706016,20.72146857564184,97.75954487700666,24.88732930893928
2022-10-28,374.29,2.5967252401676193,147.27000000000004,54.080000000000005,20.57,275.42,214.44,58.82,66.0820508641105,12.140486916579375,11.21,32.19,123.135873909473,126.88820881561547,8.0,34.95,119.32,8.515561614422776,35.22692484873272,8.58,242.12,172.7,17.1,8.44492534796051,5.99,27.360176415656376,7.76,72.29715463874592,13.71,55.6,0.25097519508099203,14.312719819097346,87.50472725368977,16.05,3.99,4.25,24.076850741568748,72.97871915190822,57.99,34.09,44.95,1.14,4.8,44.83,81.98599004599532,3.7637140036261503,18.02257813749247,21.39128453911305,105.84536081870093,28.84953273314304
2022-11-04,389.02,2.6956130817337387,155.74,50.18,21.7,281.22,228.52,62.01,65.14824701327284,13.26007271799157,9.69,34.19,107.3269434207815,140.90597015413627,7.5,36.18000000000001,103.41,8.670988437579483,34.38072061102189,9.5,235.87,183.16,18.48,9.176438424312483,5.52,29.34032010743572,10.08,74.418126639462,14.0,48.8,0.24163268732030885,12.994675680874167,88.94493036397218,13.450000000000001,3.59,4.44,21.684101220347742,64.51568839484273,59.87,31.45,47.43,1.2,4.48,46.35,74.37591227088146,3.826541370845252,17.569544723870145,23.792880793579112,110.19312775561644,27.252770645164617
2022-11-11,376.35,2.7129241097881325,138.38,59.55,17.95,264.68,207.47,62.19,54.425246247777295,13.520043612822553,11.68,33.91,98.7612836163066,142.16559658816368,6.0,36.79,90.98000000000002,7.744162005599807,35.757336909381074,8.99,221.39,178.68,18.32,9.230216864893102,5.97,27.86201694089888,9.14,72.80710228156165,14.11,38.6,0.2500646950812903,14.03830484522013,91.7373757546037,12.65,3.84,4.37,23.99830066618412,70.58720868225025,60.75,33.87,47.22,1.2,4.48,46.74,70.62214257663119,4.033041044337732,19.207425662106413,28.35803311127843,112.51628191714923,28.793029615515625
2022-11-18,398.51,2.9608033022599622,149.7,44.37,22.67,287.96,195.97,72.37,75.72695683476964,14.545422262648529,11.56,35.87,93.93610061730553,167.4319272398942,6.5,38.41,100.78999999999999,8.575136932203144,37.33948694643548,13.220000000000002,247.11,186.9,19.05,10.56594795747889,4.97,31.684772003851425,11.58,74.20585490321601,14.88,55.599999999999994,0.2772043841337452,15.91094386768884,93.49315994842462,11.560000000000002,2.85,4.75,25.612506017847267,71.53540990664895,65.46,30.64,47.6,1.27,4.4,47.55,68.54393923847131,4.471230772138551,19.705265992837493,23.879758826262584,114.49375611069382,29.171853355358618
2022-11-25,396.03,2.9528560890379896,151.29,45.83,21.84,284.82,180.19,73.57,76.83790402982613,14.019505399344288,10.47,35.37,89.2088995706715,152.4698147314154,6.5,37.19,94.14000000000001,7.101903148648843,37.33638917252529,12.489999999999998,241.22,183.72,18.97,9.690092188936827,4.94,29.588186271903986,10.52,74.10219304839252,14.05,45.2,0.2243048645170784,14.95209845058777,92.07482529765664,11.35,2.9,4.79,26.25032760011637,81.24591502462063,65.15,29.47,48.23,1.32,4.48,46.5,66.31994833289684,3.9311220777650453,19.154673141715918,28.3837199758313,113.0449453902677,29.119680871721524
2022-12-02,402.33,3.046333464182084,148.11,44.83,22.26,286.92,182.86,75.14,74.90761949521467,14.112691496569893,10.17,36.11,80.97057225533909,164.17735502640198,5.5,37.7,93.41,7.322858688507623,37.18662864540426,12.86,247.49,185.58,19.12,9.943273105800971,4.86,29.38400344368395,10.18,74.82543060146922,14.5,34.8,0.24791293106186568,15.286549937411074,92.65605309684524,10.3,2.85,4.82,25.48653418660944,76.25619904212152,66.62,29.58,49.21,1.68,4.32,47.44,62.05152039288348,4.256913008339893,19.765625070666918,22.952041156909516,114.12784418677944,28.763398354721424
2022-12-09,406.91,3.4248561976345337,147.81,41.79,23.41,292.55,194.86,74.98,83.28709736179822,13.885799529275472,13.13,35.93,74.13725717411224,169.81236374483575,5.5,36.08,94.13,7.742027481570274,38.715692239974636,13.03,255.02,188.05,19.02,10.206413086166869,5.04,30.14365867463126,10.5,75.40286020973626,13.97,35.6,0.22514596165246664,17.148958251469736,90.89773763078274,11.4,2.95,5.05,28.687337397991456,90.81014064903549,67.72,31.32,50.91,1.5600000000000003,4.48,45.94,58.62616791251128,4.820507618405841,21.18241863544186,29.76216334968474,111.03027839896335,29.05900123076522
2022-12-16,393.28,2.8418261296812015,142.16,46.49,20.89,282.04,179.05,68.59,54.05629907298346,13.183742491456993,12.63,34.53,76.81079753580443,170.22717072707388,4.0,32.379999999999995,89.09,6.9564454933965525,38.37405113409865,12.32,245.42,178.62,19.09,9.082465589786494,4.58,27.963488513483817,9.45,74.94321569108577,13.530000000000001,27.0,0.2075005447141006,17.30603663670058,83.35045966093128,10.71,2.7,4.890000000000001,29.1027977037599,92.0770090347862,66.91,29.94,51.72,1.29,4.32,42.5,60.44835438505408,3.23030424950533,21.33727095636582,32.454841012774246,105.26600413644627,26.846835173320528
2022-12-23,383.27,2.6226521932521853,134.51,50.24,19.06,274.25,150.23,65.41,51.58947187664843,12.085997421331395,11.6,33.7,75.95663286517583,164.9641325826779,3.0000000000000004,31.700000000000003,87.86,6.886306482303392,37.42291239457554,11.11,244.69,174.37,18.49,8.660455292250095,4.43,27.045067530933387,8.47,74.49446931910273,12.81,22.2,0.2009571714889211,16.27010177993714,85.70829286234799,9.37,2.58,4.629999999999999,28.095564636366177,87.52771923497282,65.42,26.21,51.4,1.15,3.8400000000000003,41.19,60.07057327358401,3.98726457578574,21.317313285781346,33.41896765598748,105.86086708642613,26.629176871223894
2022-12-30,382.91,2.439324894082449,131.86,53.5,17.59,267.36,123.15000000000002,64.52,41.81556954387299,11.296760551093563,10.97,33.95,72.14662130147299,149.65292404952496,2.4,32.47,85.25,6.145147519509708,37.41205285717062,9.77,238.73,174.39,18.31,8.019085580995505,4.87,26.240249815168152,8.58,74.2696372396167,12.71,18.2,0.17583389775070696,17.111013388406523,87.36987393787375,11.09,2.93,4.64,27.953476177571808,86.3794429543319,65.89,28.79,51.83,1.12,3.36,40.98,58.02707765939553,2.686566387870433,21.844456389138184,38.06064901002294,108.9164045541482,25.05663246264717
